Domain,Area,Element,Item,Year,Unit,Value
"Crops","Afghanistan","Area harvested","Cereals, Total","2014","ha","3344733"
"Crops","Afghanistan","Area harvested","Cereals, Total","2015","ha","2725863"
"Crops","Afghanistan","Area harvested","Cereals, Total","2016","ha","2793975"
"Crops","Afghanistan","Area harvested","Cereals, Total","2017","ha","2419676"
"Crops","Afghanistan","Area harvested","Cereals, Total","2018","ha","1912634"
"Crops","Albania","Area harvested","Cereals, Total","2014","ha","143149"
"Crops","Albania","Area harvested","Cereals, Total","2015","ha","142600"
"Crops","Albania","Area harvested","Cereals, Total","2016","ha","148084"
"Crops","Albania","Area harvested","Cereals, Total","2017","ha","145799"
"Crops","Albania","Area harvested","Cereals, Total","2018","ha","140110"
"Crops","Algeria","Area harvested","Cereals, Total","2014","ha","2509193"
"Crops","Algeria","Area harvested","Cereals, Total","2015","ha","2686254"
"Crops","Algeria","Area harvested","Cereals, Total","2016","ha","3376433"
"Crops","Algeria","Area harvested","Cereals, Total","2017","ha","3512136"
"Crops","Algeria","Area harvested","Cereals, Total","2018","ha","3448395"
"Crops","Angola","Area harvested","Cereals, Total","2014","ha","2052765"
"Crops","Angola","Area harvested","Cereals, Total","2015","ha","2055286"
"Crops","Angola","Area harvested","Cereals, Total","2016","ha","3107989"
"Crops","Angola","Area harvested","Cereals, Total","2017","ha","3830618"
"Crops","Angola","Area harvested","Cereals, Total","2018","ha","3245206"
"Crops","Antigua and Barbuda","Area harvested","Cereals, Total","2014","ha","45"
"Crops","Antigua and Barbuda","Area harvested","Cereals, Total","2015","ha","46"
"Crops","Antigua and Barbuda","Area harvested","Cereals, Total","2016","ha","46"
"Crops","Antigua and Barbuda","Area harvested","Cereals, Total","2017","ha","47"
"Crops","Antigua and Barbuda","Area harvested","Cereals, Total","2018","ha","47"
"Crops","Argentina","Area harvested","Cereals nes","2014","ha","26990"
"Crops","Argentina","Area harvested","Cereals nes","2015","ha","24942"
"Crops","Argentina","Area harvested","Cereals nes","2016","ha","24927"
"Crops","Argentina","Area harvested","Cereals nes","2017","ha","25012"
"Crops","Argentina","Area harvested","Cereals nes","2018","ha","25097"
"Crops","Argentina","Area harvested","Cereals, Total","2014","ha","10518090"
"Crops","Argentina","Area harvested","Cereals, Total","2015","ha","11712970"
"Crops","Argentina","Area harvested","Cereals, Total","2016","ha","11750567"
"Crops","Argentina","Area harvested","Cereals, Total","2017","ha","14134792"
"Crops","Argentina","Area harvested","Cereals, Total","2018","ha","15111246"
"Crops","Armenia","Area harvested","Cereals nes","2014","ha","6988"
"Crops","Armenia","Area harvested","Cereals nes","2015","ha","7488"
"Crops","Armenia","Area harvested","Cereals nes","2016","ha","8671"
"Crops","Armenia","Area harvested","Cereals nes","2017","ha","6599"
"Crops","Armenia","Area harvested","Cereals nes","2018","ha","5043"
"Crops","Armenia","Area harvested","Cereals, Total","2014","ha","180626"
"Crops","Armenia","Area harvested","Cereals, Total","2015","ha","190209"
"Crops","Armenia","Area harvested","Cereals, Total","2016","ha","194717"
"Crops","Armenia","Area harvested","Cereals, Total","2017","ha","150892"
"Crops","Armenia","Area harvested","Cereals, Total","2018","ha","127436"
"Crops","Australia","Area harvested","Cereals, Total","2014","ha","17970210"
"Crops","Australia","Area harvested","Cereals, Total","2015","ha","18346326"
"Crops","Australia","Area harvested","Cereals, Total","2016","ha","16976392"
"Crops","Australia","Area harvested","Cereals, Total","2017","ha","18714853"
"Crops","Australia","Area harvested","Cereals, Total","2018","ha","16635179"
"Crops","Austria","Area harvested","Cereals nes","2014","ha","13083"
"Crops","Austria","Area harvested","Cereals nes","2015","ha","14364"
"Crops","Austria","Area harvested","Cereals nes","2016","ha","13786"
"Crops","Austria","Area harvested","Cereals nes","2017","ha","13971"
"Crops","Austria","Area harvested","Cereals nes","2018","ha","12367"
"Crops","Austria","Area harvested","Cereals, Total","2014","ha","811771"
"Crops","Austria","Area harvested","Cereals, Total","2015","ha","783127"
"Crops","Austria","Area harvested","Cereals, Total","2016","ha","786833"
"Crops","Austria","Area harvested","Cereals, Total","2017","ha","778650"
"Crops","Austria","Area harvested","Cereals, Total","2018","ha","781374"
"Crops","Azerbaijan","Area harvested","Cereals, Total","2014","ha","980523"
"Crops","Azerbaijan","Area harvested","Cereals, Total","2015","ha","940007"
"Crops","Azerbaijan","Area harvested","Cereals, Total","2016","ha","986891"
"Crops","Azerbaijan","Area harvested","Cereals, Total","2017","ha","959992"
"Crops","Azerbaijan","Area harvested","Cereals, Total","2018","ha","1055769"
"Crops","Bahamas","Area harvested","Cereals, Total","2014","ha","93"
"Crops","Bahamas","Area harvested","Cereals, Total","2015","ha","95"
"Crops","Bahamas","Area harvested","Cereals, Total","2016","ha","96"
"Crops","Bahamas","Area harvested","Cereals, Total","2017","ha","86"
"Crops","Bahamas","Area harvested","Cereals, Total","2018","ha","85"
"Crops","Bangladesh","Area harvested","Cereals, Total","2014","ha","12165112"
"Crops","Bangladesh","Area harvested","Cereals, Total","2015","ha","12156367"
"Crops","Bangladesh","Area harvested","Cereals, Total","2016","ha","11793602"
"Crops","Bangladesh","Area harvested","Cereals, Total","2017","ha","12430005"
"Crops","Bangladesh","Area harvested","Cereals, Total","2018","ha","12695088"
"Crops","Barbados","Area harvested","Cereals, Total","2014","ha","30"
"Crops","Barbados","Area harvested","Cereals, Total","2015","ha","44"
"Crops","Barbados","Area harvested","Cereals, Total","2016","ha","33"
"Crops","Barbados","Area harvested","Cereals, Total","2017","ha","25"
"Crops","Barbados","Area harvested","Cereals, Total","2018","ha","38"
"Crops","Belarus","Area harvested","Cereals nes","2014","ha","8628"
"Crops","Belarus","Area harvested","Cereals nes","2015","ha","8032"
"Crops","Belarus","Area harvested","Cereals nes","2016","ha","6998"
"Crops","Belarus","Area harvested","Cereals nes","2017","ha","7555"
"Crops","Belarus","Area harvested","Cereals nes","2018","ha","8524"
"Crops","Belarus","Area harvested","Cereals, Total","2014","ha","2428139"
"Crops","Belarus","Area harvested","Cereals, Total","2015","ha","2218602"
"Crops","Belarus","Area harvested","Cereals, Total","2016","ha","2206134"
"Crops","Belarus","Area harvested","Cereals, Total","2017","ha","2241784"
"Crops","Belarus","Area harvested","Cereals, Total","2018","ha","2133721"
"Crops","Belgium","Area harvested","Cereals, Total","2014","ha","335211"
"Crops","Belgium","Area harvested","Cereals, Total","2015","ha","321445"
"Crops","Belgium","Area harvested","Cereals, Total","2016","ha","327535"
"Crops","Belgium","Area harvested","Cereals, Total","2017","ha","305433"
"Crops","Belgium","Area harvested","Cereals, Total","2018","ha","304515"
"Crops","Belize","Area harvested","Cereals, Total","2014","ha","26295"
"Crops","Belize","Area harvested","Cereals, Total","2015","ha","27938"
"Crops","Belize","Area harvested","Cereals, Total","2016","ha","28932"
"Crops","Belize","Area harvested","Cereals, Total","2017","ha","27991"
"Crops","Belize","Area harvested","Cereals, Total","2018","ha","24567"
"Crops","Benin","Area harvested","Cereals, Total","2014","ha","1173784"
"Crops","Benin","Area harvested","Cereals, Total","2015","ha","1229296"
"Crops","Benin","Area harvested","Cereals, Total","2016","ha","1246199"
"Crops","Benin","Area harvested","Cereals, Total","2017","ha","1350154"
"Crops","Benin","Area harvested","Cereals, Total","2018","ha","1616613"
"Crops","Bhutan","Area harvested","Cereals nes","2014","ha","1304"
"Crops","Bhutan","Area harvested","Cereals nes","2015","ha","1124"
"Crops","Bhutan","Area harvested","Cereals nes","2016","ha","1136"
"Crops","Bhutan","Area harvested","Cereals nes","2017","ha","1135"
"Crops","Bhutan","Area harvested","Cereals nes","2018","ha","1133"
"Crops","Bhutan","Area harvested","Cereals, Total","2014","ha","53334"
"Crops","Bhutan","Area harvested","Cereals, Total","2015","ha","50518"
"Crops","Bhutan","Area harvested","Cereals, Total","2016","ha","52137"
"Crops","Bhutan","Area harvested","Cereals, Total","2017","ha","56005"
"Crops","Bhutan","Area harvested","Cereals, Total","2018","ha","56134"
"Crops","Bolivia (Plurinational State of)","Area harvested","Cereals nes","2014","ha","1060"
"Crops","Bolivia (Plurinational State of)","Area harvested","Cereals nes","2015","ha","1240"
"Crops","Bolivia (Plurinational State of)","Area harvested","Cereals nes","2016","ha","1255"
"Crops","Bolivia (Plurinational State of)","Area harvested","Cereals nes","2017","ha","1177"
"Crops","Bolivia (Plurinational State of)","Area harvested","Cereals nes","2018","ha","1212"
"Crops","Bolivia (Plurinational State of)","Area harvested","Cereals, Total","2014","ha","1250800"
"Crops","Bolivia (Plurinational State of)","Area harvested","Cereals, Total","2015","ha","1287146"
"Crops","Bolivia (Plurinational State of)","Area harvested","Cereals, Total","2016","ha","1260291"
"Crops","Bolivia (Plurinational State of)","Area harvested","Cereals, Total","2017","ha","1234818"
"Crops","Bolivia (Plurinational State of)","Area harvested","Cereals, Total","2018","ha","1400133"
"Crops","Bosnia and Herzegovina","Area harvested","Cereals, Total","2014","ha","272202"
"Crops","Bosnia and Herzegovina","Area harvested","Cereals, Total","2015","ha","298319"
"Crops","Bosnia and Herzegovina","Area harvested","Cereals, Total","2016","ha","319268"
"Crops","Bosnia and Herzegovina","Area harvested","Cereals, Total","2017","ha","312697"
"Crops","Bosnia and Herzegovina","Area harvested","Cereals, Total","2018","ha","317749"
"Crops","Botswana","Area harvested","Cereals nes","2014","ha","3379"
"Crops","Botswana","Area harvested","Cereals nes","2015","ha","3419"
"Crops","Botswana","Area harvested","Cereals nes","2016","ha","3131"
"Crops","Botswana","Area harvested","Cereals nes","2017","ha","3111"
"Crops","Botswana","Area harvested","Cereals nes","2018","ha","3084"
"Crops","Botswana","Area harvested","Cereals, Total","2014","ha","164624"
"Crops","Botswana","Area harvested","Cereals, Total","2015","ha","46982"
"Crops","Botswana","Area harvested","Cereals, Total","2016","ha","94544"
"Crops","Botswana","Area harvested","Cereals, Total","2017","ha","73191"
"Crops","Botswana","Area harvested","Cereals, Total","2018","ha","96151"
"Crops","Brazil","Area harvested","Cereals, Total","2014","ha","21851934"
"Crops","Brazil","Area harvested","Cereals, Total","2015","ha","21203747"
"Crops","Brazil","Area harvested","Cereals, Total","2016","ha","20128517"
"Crops","Brazil","Area harvested","Cereals, Total","2017","ha","22646962"
"Crops","Brazil","Area harvested","Cereals, Total","2018","ha","21445930"
"Crops","Brunei Darussalam","Area harvested","Cereals, Total","2014","ha","966"
"Crops","Brunei Darussalam","Area harvested","Cereals, Total","2015","ha","924"
"Crops","Brunei Darussalam","Area harvested","Cereals, Total","2016","ha","1013"
"Crops","Brunei Darussalam","Area harvested","Cereals, Total","2017","ha","920"
"Crops","Brunei Darussalam","Area harvested","Cereals, Total","2018","ha","783"
"Crops","Bulgaria","Area harvested","Cereals nes","2014","ha","127"
"Crops","Bulgaria","Area harvested","Cereals nes","2015","ha","490"
"Crops","Bulgaria","Area harvested","Cereals nes","2016","ha","737"
"Crops","Bulgaria","Area harvested","Cereals nes","2017","ha","936"
"Crops","Bulgaria","Area harvested","Cereals nes","2018","ha","611"
"Crops","Bulgaria","Area harvested","Cereals, Total","2014","ha","1960700"
"Crops","Bulgaria","Area harvested","Cereals, Total","2015","ha","1835350"
"Crops","Bulgaria","Area harvested","Cereals, Total","2016","ha","1816636"
"Crops","Bulgaria","Area harvested","Cereals, Total","2017","ha","1729267"
"Crops","Bulgaria","Area harvested","Cereals, Total","2018","ha","1817781"
"Crops","Burkina Faso","Area harvested","Cereals, Total","2014","ha","3646006"
"Crops","Burkina Faso","Area harvested","Cereals, Total","2015","ha","3584230"
"Crops","Burkina Faso","Area harvested","Cereals, Total","2016","ha","4017586"
"Crops","Burkina Faso","Area harvested","Cereals, Total","2017","ha","4026919"
"Crops","Burkina Faso","Area harvested","Cereals, Total","2018","ha","4505001"
"Crops","Burundi","Area harvested","Cereals nes","2014","ha","5254"
"Crops","Burundi","Area harvested","Cereals nes","2015","ha","15295"
"Crops","Burundi","Area harvested","Cereals nes","2016","ha","15063"
"Crops","Burundi","Area harvested","Cereals nes","2017","ha","39234"
"Crops","Burundi","Area harvested","Cereals nes","2018","ha","39776"
"Crops","Burundi","Area harvested","Cereals, Total","2014","ha","177286"
"Crops","Burundi","Area harvested","Cereals, Total","2015","ha","215969"
"Crops","Burundi","Area harvested","Cereals, Total","2016","ha","315283"
"Crops","Burundi","Area harvested","Cereals, Total","2017","ha","326975"
"Crops","Burundi","Area harvested","Cereals, Total","2018","ha","341082"
"Crops","Cabo Verde","Area harvested","Cereals, Total","2014","ha","31036"
"Crops","Cabo Verde","Area harvested","Cereals, Total","2015","ha","31386"
"Crops","Cabo Verde","Area harvested","Cereals, Total","2016","ha","31698"
"Crops","Cabo Verde","Area harvested","Cereals, Total","2017","ha","31699"
"Crops","Cabo Verde","Area harvested","Cereals, Total","2018","ha","31698"
"Crops","Cambodia","Area harvested","Cereals, Total","2014","ha","3015045"
"Crops","Cambodia","Area harvested","Cereals, Total","2015","ha","2873524"
"Crops","Cambodia","Area harvested","Cereals, Total","2016","ha","3062158"
"Crops","Cambodia","Area harvested","Cereals, Total","2017","ha","3122866"
"Crops","Cambodia","Area harvested","Cereals, Total","2018","ha","3105119"
"Crops","Cameroon","Area harvested","Cereals, Total","2014","ha","2060250"
"Crops","Cameroon","Area harvested","Cereals, Total","2015","ha","2256648"
"Crops","Cameroon","Area harvested","Cereals, Total","2016","ha","2400592"
"Crops","Cameroon","Area harvested","Cereals, Total","2017","ha","2425656"
"Crops","Cameroon","Area harvested","Cereals, Total","2018","ha","2550780"
"Crops","Canada","Area harvested","Cereals, Total","2014","ha","14144484"
"Crops","Canada","Area harvested","Cereals, Total","2015","ha","14554200"
"Crops","Canada","Area harvested","Cereals, Total","2016","ha","13797513"
"Crops","Canada","Area harvested","Cereals, Total","2017","ha","13830500"
"Crops","Canada","Area harvested","Cereals, Total","2018","ha","14978100"
"Crops","Central African Republic","Area harvested","Cereals, Total","2014","ha","148809"
"Crops","Central African Republic","Area harvested","Cereals, Total","2015","ha","148954"
"Crops","Central African Republic","Area harvested","Cereals, Total","2016","ha","162598"
"Crops","Central African Republic","Area harvested","Cereals, Total","2017","ha","156058"
"Crops","Central African Republic","Area harvested","Cereals, Total","2018","ha","145922"
"Crops","Chad","Area harvested","Cereals nes","2014","ha","533307"
"Crops","Chad","Area harvested","Cereals nes","2015","ha","408083"
"Crops","Chad","Area harvested","Cereals nes","2016","ha","454065"
"Crops","Chad","Area harvested","Cereals nes","2017","ha","451873"
"Crops","Chad","Area harvested","Cereals nes","2018","ha","494943"
"Crops","Chad","Area harvested","Cereals, Total","2014","ha","3212184"
"Crops","Chad","Area harvested","Cereals, Total","2015","ha","3058448"
"Crops","Chad","Area harvested","Cereals, Total","2016","ha","3401981"
"Crops","Chad","Area harvested","Cereals, Total","2017","ha","3292418"
"Crops","Chad","Area harvested","Cereals, Total","2018","ha","3384176"
"Crops","Chile","Area harvested","Cereals, Total","2014","ha","567641"
"Crops","Chile","Area harvested","Cereals, Total","2015","ha","534984"
"Crops","Chile","Area harvested","Cereals, Total","2016","ha","564637"
"Crops","Chile","Area harvested","Cereals, Total","2017","ha","511870"
"Crops","Chile","Area harvested","Cereals, Total","2018","ha","512436"
"Crops","China","Area harvested","Cereals nes","2014","ha","17381"
"Crops","China","Area harvested","Cereals nes","2015","ha","45395"
"Crops","China","Area harvested","Cereals nes","2016","ha","32466"
"Crops","China","Area harvested","Cereals nes","2017","ha","46201"
"Crops","China","Area harvested","Cereals nes","2018","ha","36189"
"Crops","China","Area harvested","Cereals, Total","2014","ha","94910483"
"Crops","China","Area harvested","Cereals, Total","2015","ha","105693229"
"Crops","China","Area harvested","Cereals, Total","2016","ha","103355244"
"Crops","China","Area harvested","Cereals, Total","2017","ha","102822866"
"Crops","China","Area harvested","Cereals, Total","2018","ha","100662708"
"Crops","China, Hong Kong SAR","Area harvested","Cereals, Total","2014","ha","0"
"Crops","China, Hong Kong SAR","Area harvested","Cereals, Total","2015","ha","0"
"Crops","China, Hong Kong SAR","Area harvested","Cereals, Total","2016","ha","0"
"Crops","China, Hong Kong SAR","Area harvested","Cereals, Total","2017","ha","0"
"Crops","China, Hong Kong SAR","Area harvested","Cereals, Total","2018","ha","0"
"Crops","China, mainland","Area harvested","Cereals nes","2014","ha","17200"
"Crops","China, mainland","Area harvested","Cereals nes","2015","ha","45213"
"Crops","China, mainland","Area harvested","Cereals nes","2016","ha","32281"
"Crops","China, mainland","Area harvested","Cereals nes","2017","ha","46013"
"Crops","China, mainland","Area harvested","Cereals nes","2018","ha","35999"
"Crops","China, mainland","Area harvested","Cereals, Total","2014","ha","94607680"
"Crops","China, mainland","Area harvested","Cereals, Total","2015","ha","105408146"
"Crops","China, mainland","Area harvested","Cereals, Total","2016","ha","103046356"
"Crops","China, mainland","Area harvested","Cereals, Total","2017","ha","102512898"
"Crops","China, mainland","Area harvested","Cereals, Total","2018","ha","100357857"
"Crops","China, Taiwan Province of","Area harvested","Cereals nes","2014","ha","181"
"Crops","China, Taiwan Province of","Area harvested","Cereals nes","2015","ha","182"
"Crops","China, Taiwan Province of","Area harvested","Cereals nes","2016","ha","186"
"Crops","China, Taiwan Province of","Area harvested","Cereals nes","2017","ha","188"
"Crops","China, Taiwan Province of","Area harvested","Cereals nes","2018","ha","191"
"Crops","China, Taiwan Province of","Area harvested","Cereals, Total","2014","ha","302803"
"Crops","China, Taiwan Province of","Area harvested","Cereals, Total","2015","ha","285083"
"Crops","China, Taiwan Province of","Area harvested","Cereals, Total","2016","ha","308887"
"Crops","China, Taiwan Province of","Area harvested","Cereals, Total","2017","ha","309968"
"Crops","China, Taiwan Province of","Area harvested","Cereals, Total","2018","ha","304851"
"Crops","Colombia","Area harvested","Cereals nes","2014","ha","1213"
"Crops","Colombia","Area harvested","Cereals nes","2015","ha","1840"
"Crops","Colombia","Area harvested","Cereals nes","2016","ha","1889"
"Crops","Colombia","Area harvested","Cereals nes","2017","ha","1703"
"Crops","Colombia","Area harvested","Cereals nes","2018","ha","1781"
"Crops","Colombia","Area harvested","Cereals, Total","2014","ha","988641"
"Crops","Colombia","Area harvested","Cereals, Total","2015","ha","933149"
"Crops","Colombia","Area harvested","Cereals, Total","2016","ha","1013594"
"Crops","Colombia","Area harvested","Cereals, Total","2017","ha","997653"
"Crops","Colombia","Area harvested","Cereals, Total","2018","ha","1049195"
"Crops","Comoros","Area harvested","Cereals, Total","2014","ha","26918"
"Crops","Comoros","Area harvested","Cereals, Total","2015","ha","27329"
"Crops","Comoros","Area harvested","Cereals, Total","2016","ha","28730"
"Crops","Comoros","Area harvested","Cereals, Total","2017","ha","27723"
"Crops","Comoros","Area harvested","Cereals, Total","2018","ha","27996"
"Crops","Congo","Area harvested","Cereals nes","2014","ha","3614"
"Crops","Congo","Area harvested","Cereals nes","2015","ha","3557"
"Crops","Congo","Area harvested","Cereals nes","2016","ha","3606"
"Crops","Congo","Area harvested","Cereals nes","2017","ha","3641"
"Crops","Congo","Area harvested","Cereals nes","2018","ha","3675"
"Crops","Congo","Area harvested","Cereals, Total","2014","ha","35877"
"Crops","Congo","Area harvested","Cereals, Total","2015","ha","34720"
"Crops","Congo","Area harvested","Cereals, Total","2016","ha","35121"
"Crops","Congo","Area harvested","Cereals, Total","2017","ha","35563"
"Crops","Congo","Area harvested","Cereals, Total","2018","ha","36002"
"Crops","Costa Rica","Area harvested","Cereals, Total","2014","ha","52159"
"Crops","Costa Rica","Area harvested","Cereals, Total","2015","ha","53193"
"Crops","Costa Rica","Area harvested","Cereals, Total","2016","ha","53124"
"Crops","Costa Rica","Area harvested","Cereals, Total","2017","ha","42769"
"Crops","Costa Rica","Area harvested","Cereals, Total","2018","ha","38118"
"Crops","Côte d'Ivoire","Area harvested","Cereals, Total","2014","ha","1284853"
"Crops","Côte d'Ivoire","Area harvested","Cereals, Total","2015","ha","1480275"
"Crops","Côte d'Ivoire","Area harvested","Cereals, Total","2016","ha","1416480"
"Crops","Côte d'Ivoire","Area harvested","Cereals, Total","2017","ha","1459351"
"Crops","Côte d'Ivoire","Area harvested","Cereals, Total","2018","ha","1433734"
"Crops","Croatia","Area harvested","Cereals nes","2014","ha","2293"
"Crops","Croatia","Area harvested","Cereals nes","2015","ha","1730"
"Crops","Croatia","Area harvested","Cereals nes","2016","ha","3427"
"Crops","Croatia","Area harvested","Cereals nes","2017","ha","2225"
"Crops","Croatia","Area harvested","Cereals nes","2018","ha","2536"
"Crops","Croatia","Area harvested","Cereals, Total","2014","ha","497948"
"Crops","Croatia","Area harvested","Cereals, Total","2015","ha","492151"
"Crops","Croatia","Area harvested","Cereals, Total","2016","ha","536172"
"Crops","Croatia","Area harvested","Cereals, Total","2017","ha","466211"
"Crops","Croatia","Area harvested","Cereals, Total","2018","ha","465189"
"Crops","Cuba","Area harvested","Cereals, Total","2014","ha","361651"
"Crops","Cuba","Area harvested","Cereals, Total","2015","ha","267044"
"Crops","Cuba","Area harvested","Cereals, Total","2016","ha","316736"
"Crops","Cuba","Area harvested","Cereals, Total","2017","ha","275444"
"Crops","Cuba","Area harvested","Cereals, Total","2018","ha","282416"
"Crops","Cyprus","Area harvested","Cereals, Total","2014","ha","25303"
"Crops","Cyprus","Area harvested","Cereals, Total","2015","ha","32846"
"Crops","Cyprus","Area harvested","Cereals, Total","2016","ha","23289"
"Crops","Cyprus","Area harvested","Cereals, Total","2017","ha","19879"
"Crops","Cyprus","Area harvested","Cereals, Total","2018","ha","19038"
"Crops","Czechia","Area harvested","Cereals nes","2014","ha","4248"
"Crops","Czechia","Area harvested","Cereals nes","2015","ha","4003"
"Crops","Czechia","Area harvested","Cereals nes","2016","ha","5227"
"Crops","Czechia","Area harvested","Cereals nes","2017","ha","4689"
"Crops","Czechia","Area harvested","Cereals nes","2018","ha","4499"
"Crops","Czechia","Area harvested","Cereals, Total","2014","ha","1412209"
"Crops","Czechia","Area harvested","Cereals, Total","2015","ha","1392345"
"Crops","Czechia","Area harvested","Cereals, Total","2016","ha","1361498"
"Crops","Czechia","Area harvested","Cereals, Total","2017","ha","1357136"
"Crops","Czechia","Area harvested","Cereals, Total","2018","ha","1341236"
"Crops","Democratic People's Republic of Korea","Area harvested","Cereals, Total","2014","ha","1257116"
"Crops","Democratic People's Republic of Korea","Area harvested","Cereals, Total","2015","ha","1231074"
"Crops","Democratic People's Republic of Korea","Area harvested","Cereals, Total","2016","ha","1218165"
"Crops","Democratic People's Republic of Korea","Area harvested","Cereals, Total","2017","ha","1197068"
"Crops","Democratic People's Republic of Korea","Area harvested","Cereals, Total","2018","ha","1181676"
"Crops","Democratic Republic of the Congo","Area harvested","Cereals, Total","2014","ha","4025336"
"Crops","Democratic Republic of the Congo","Area harvested","Cereals, Total","2015","ha","4052955"
"Crops","Democratic Republic of the Congo","Area harvested","Cereals, Total","2016","ha","3937898"
"Crops","Democratic Republic of the Congo","Area harvested","Cereals, Total","2017","ha","3986270"
"Crops","Democratic Republic of the Congo","Area harvested","Cereals, Total","2018","ha","4057515"
"Crops","Denmark","Area harvested","Cereals, Total","2014","ha","1450871"
"Crops","Denmark","Area harvested","Cereals, Total","2015","ha","1459400"
"Crops","Denmark","Area harvested","Cereals, Total","2016","ha","1471275"
"Crops","Denmark","Area harvested","Cereals, Total","2017","ha","1449769"
"Crops","Denmark","Area harvested","Cereals, Total","2018","ha","1416306"
"Crops","Djibouti","Area harvested","Cereals, Total","2014","ha","8"
"Crops","Djibouti","Area harvested","Cereals, Total","2015","ha","9"
"Crops","Djibouti","Area harvested","Cereals, Total","2016","ha","9"
"Crops","Djibouti","Area harvested","Cereals, Total","2017","ha","9"
"Crops","Djibouti","Area harvested","Cereals, Total","2018","ha","9"
"Crops","Dominica","Area harvested","Cereals, Total","2014","ha","125"
"Crops","Dominica","Area harvested","Cereals, Total","2015","ha","120"
"Crops","Dominica","Area harvested","Cereals, Total","2016","ha","118"
"Crops","Dominica","Area harvested","Cereals, Total","2017","ha","118"
"Crops","Dominica","Area harvested","Cereals, Total","2018","ha","117"
"Crops","Dominican Republic","Area harvested","Cereals, Total","2014","ha","188610"
"Crops","Dominican Republic","Area harvested","Cereals, Total","2015","ha","184342"
"Crops","Dominican Republic","Area harvested","Cereals, Total","2016","ha","190252"
"Crops","Dominican Republic","Area harvested","Cereals, Total","2017","ha","200873"
"Crops","Dominican Republic","Area harvested","Cereals, Total","2018","ha","219382"
"Crops","Ecuador","Area harvested","Cereals, Total","2014","ha","875458"
"Crops","Ecuador","Area harvested","Cereals, Total","2015","ha","825031"
"Crops","Ecuador","Area harvested","Cereals, Total","2016","ha","706511"
"Crops","Ecuador","Area harvested","Cereals, Total","2017","ha","743940"
"Crops","Ecuador","Area harvested","Cereals, Total","2018","ha","688916"
"Crops","Egypt","Area harvested","Cereals, Total","2014","ha","3291950"
"Crops","Egypt","Area harvested","Cereals, Total","2015","ha","3251487"
"Crops","Egypt","Area harvested","Cereals, Total","2016","ha","3226518"
"Crops","Egypt","Area harvested","Cereals, Total","2017","ha","3097260"
"Crops","Egypt","Area harvested","Cereals, Total","2018","ha","3084783"
"Crops","El Salvador","Area harvested","Cereals, Total","2014","ha","403081"
"Crops","El Salvador","Area harvested","Cereals, Total","2015","ha","373447"
"Crops","El Salvador","Area harvested","Cereals, Total","2016","ha","390803"
"Crops","El Salvador","Area harvested","Cereals, Total","2017","ha","354029"
"Crops","El Salvador","Area harvested","Cereals, Total","2018","ha","343550"
"Crops","Eritrea","Area harvested","Cereals nes","2014","ha","39762"
"Crops","Eritrea","Area harvested","Cereals nes","2015","ha","41429"
"Crops","Eritrea","Area harvested","Cereals nes","2016","ha","38714"
"Crops","Eritrea","Area harvested","Cereals nes","2017","ha","38966"
"Crops","Eritrea","Area harvested","Cereals nes","2018","ha","39382"
"Crops","Eritrea","Area harvested","Cereals, Total","2014","ha","452762"
"Crops","Eritrea","Area harvested","Cereals, Total","2015","ha","476429"
"Crops","Eritrea","Area harvested","Cereals, Total","2016","ha","473714"
"Crops","Eritrea","Area harvested","Cereals, Total","2017","ha","473966"
"Crops","Eritrea","Area harvested","Cereals, Total","2018","ha","479205"
"Crops","Estonia","Area harvested","Cereals, Total","2014","ha","332900"
"Crops","Estonia","Area harvested","Cereals, Total","2015","ha","350400"
"Crops","Estonia","Area harvested","Cereals, Total","2016","ha","351354"
"Crops","Estonia","Area harvested","Cereals, Total","2017","ha","330677"
"Crops","Estonia","Area harvested","Cereals, Total","2018","ha","350433"
"Crops","Eswatini","Area harvested","Cereals, Total","2014","ha","89073"
"Crops","Eswatini","Area harvested","Cereals, Total","2015","ha","79701"
"Crops","Eswatini","Area harvested","Cereals, Total","2016","ha","76244"
"Crops","Eswatini","Area harvested","Cereals, Total","2017","ha","78553"
"Crops","Eswatini","Area harvested","Cereals, Total","2018","ha","79881"
"Crops","Ethiopia","Area harvested","Cereals nes","2014","ha","3016062"
"Crops","Ethiopia","Area harvested","Cereals nes","2015","ha","2866053"
"Crops","Ethiopia","Area harvested","Cereals nes","2016","ha","3017914"
"Crops","Ethiopia","Area harvested","Cereals nes","2017","ha","3125153"
"Crops","Ethiopia","Area harvested","Cereals nes","2018","ha","3151919"
"Crops","Ethiopia","Area harvested","Cereals, Total","2014","ha","10152014"
"Crops","Ethiopia","Area harvested","Cereals, Total","2015","ha","9974316"
"Crops","Ethiopia","Area harvested","Cereals, Total","2016","ha","10219444"
"Crops","Ethiopia","Area harvested","Cereals, Total","2017","ha","10342628"
"Crops","Ethiopia","Area harvested","Cereals, Total","2018","ha","10520859"
"Crops","Fiji","Area harvested","Cereals, Total","2014","ha","2232"
"Crops","Fiji","Area harvested","Cereals, Total","2015","ha","2475"
"Crops","Fiji","Area harvested","Cereals, Total","2016","ha","3180"
"Crops","Fiji","Area harvested","Cereals, Total","2017","ha","3355"
"Crops","Fiji","Area harvested","Cereals, Total","2018","ha","2759"
"Crops","Finland","Area harvested","Cereals nes","2014","ha","2400"
"Crops","Finland","Area harvested","Cereals nes","2015","ha","2500"
"Crops","Finland","Area harvested","Cereals nes","2016","ha","2600"
"Crops","Finland","Area harvested","Cereals nes","2017","ha","3400"
"Crops","Finland","Area harvested","Cereals nes","2018","ha","3900"
"Crops","Finland","Area harvested","Cereals, Total","2014","ha","1119000"
"Crops","Finland","Area harvested","Cereals, Total","2015","ha","1019800"
"Crops","Finland","Area harvested","Cereals, Total","2016","ha","998100"
"Crops","Finland","Area harvested","Cereals, Total","2017","ha","864500"
"Crops","Finland","Area harvested","Cereals, Total","2018","ha","907300"
"Crops","France","Area harvested","Cereals nes","2014","ha","30100"
"Crops","France","Area harvested","Cereals nes","2015","ha","55350"
"Crops","France","Area harvested","Cereals nes","2016","ha","56617"
"Crops","France","Area harvested","Cereals nes","2017","ha","55517"
"Crops","France","Area harvested","Cereals nes","2018","ha","52176"
"Crops","France","Area harvested","Cereals, Total","2014","ha","9605505"
"Crops","France","Area harvested","Cereals, Total","2015","ha","9626902"
"Crops","France","Area harvested","Cereals, Total","2016","ha","9597185"
"Crops","France","Area harvested","Cereals, Total","2017","ha","9406524"
"Crops","France","Area harvested","Cereals, Total","2018","ha","9113199"
"Crops","French Guyana","Area harvested","Cereals, Total","2014","ha","1750"
"Crops","French Guyana","Area harvested","Cereals, Total","2015","ha","1700"
"Crops","French Guyana","Area harvested","Cereals, Total","2016","ha","1800"
"Crops","French Guyana","Area harvested","Cereals, Total","2017","ha","2124"
"Crops","French Guyana","Area harvested","Cereals, Total","2018","ha","1963"
"Crops","Gabon","Area harvested","Cereals, Total","2014","ha","28012"
"Crops","Gabon","Area harvested","Cereals, Total","2015","ha","28270"
"Crops","Gabon","Area harvested","Cereals, Total","2016","ha","28864"
"Crops","Gabon","Area harvested","Cereals, Total","2017","ha","29384"
"Crops","Gabon","Area harvested","Cereals, Total","2018","ha","29904"
"Crops","Gambia","Area harvested","Cereals nes","2014","ha","3238"
"Crops","Gambia","Area harvested","Cereals nes","2015","ha","3422"
"Crops","Gambia","Area harvested","Cereals nes","2016","ha","3623"
"Crops","Gambia","Area harvested","Cereals nes","2017","ha","3799"
"Crops","Gambia","Area harvested","Cereals nes","2018","ha","3984"
"Crops","Gambia","Area harvested","Cereals, Total","2014","ha","234291"
"Crops","Gambia","Area harvested","Cereals, Total","2015","ha","245069"
"Crops","Gambia","Area harvested","Cereals, Total","2016","ha","262130"
"Crops","Gambia","Area harvested","Cereals, Total","2017","ha","258398"
"Crops","Gambia","Area harvested","Cereals, Total","2018","ha","264277"
"Crops","Georgia","Area harvested","Cereals nes","2014","ha","2000"
"Crops","Georgia","Area harvested","Cereals nes","2015","ha","1935"
"Crops","Georgia","Area harvested","Cereals nes","2016","ha","2022"
"Crops","Georgia","Area harvested","Cereals nes","2017","ha","1979"
"Crops","Georgia","Area harvested","Cereals nes","2018","ha","1960"
"Crops","Georgia","Area harvested","Cereals, Total","2014","ha","186050"
"Crops","Georgia","Area harvested","Cereals, Total","2015","ha","185485"
"Crops","Georgia","Area harvested","Cereals, Total","2016","ha","171450"
"Crops","Georgia","Area harvested","Cereals, Total","2017","ha","149348"
"Crops","Georgia","Area harvested","Cereals, Total","2018","ha","146450"
"Crops","Germany","Area harvested","Cereals, Total","2014","ha","6460700"
"Crops","Germany","Area harvested","Cereals, Total","2015","ha","6517500"
"Crops","Germany","Area harvested","Cereals, Total","2016","ha","6316300"
"Crops","Germany","Area harvested","Cereals, Total","2017","ha","6266500"
"Crops","Germany","Area harvested","Cereals, Total","2018","ha","6102278"
"Crops","Ghana","Area harvested","Cereals, Total","2014","ha","1632045"
"Crops","Ghana","Area harvested","Cereals, Total","2015","ha","1504190"
"Crops","Ghana","Area harvested","Cereals, Total","2016","ha","1518808"
"Crops","Ghana","Area harvested","Cereals, Total","2017","ha","1639636"
"Crops","Ghana","Area harvested","Cereals, Total","2018","ha","1916882"
"Crops","Greece","Area harvested","Cereals nes","2014","ha","1245"
"Crops","Greece","Area harvested","Cereals nes","2015","ha","19738"
"Crops","Greece","Area harvested","Cereals nes","2016","ha","21341"
"Crops","Greece","Area harvested","Cereals nes","2017","ha","19469"
"Crops","Greece","Area harvested","Cereals nes","2018","ha","12174"
"Crops","Greece","Area harvested","Cereals, Total","2014","ha","994750"
"Crops","Greece","Area harvested","Cereals, Total","2015","ha","1019535"
"Crops","Greece","Area harvested","Cereals, Total","2016","ha","938176"
"Crops","Greece","Area harvested","Cereals, Total","2017","ha","853072"
"Crops","Greece","Area harvested","Cereals, Total","2018","ha","799493"
"Crops","Grenada","Area harvested","Cereals, Total","2014","ha","430"
"Crops","Grenada","Area harvested","Cereals, Total","2015","ha","354"
"Crops","Grenada","Area harvested","Cereals, Total","2016","ha","356"
"Crops","Grenada","Area harvested","Cereals, Total","2017","ha","359"
"Crops","Grenada","Area harvested","Cereals, Total","2018","ha","363"
"Crops","Guam","Area harvested","Cereals, Total","2014","ha","20"
"Crops","Guam","Area harvested","Cereals, Total","2015","ha","22"
"Crops","Guam","Area harvested","Cereals, Total","2016","ha","22"
"Crops","Guam","Area harvested","Cereals, Total","2017","ha","21"
"Crops","Guam","Area harvested","Cereals, Total","2018","ha","21"
"Crops","Guatemala","Area harvested","Cereals, Total","2014","ha","908503"
"Crops","Guatemala","Area harvested","Cereals, Total","2015","ha","916401"
"Crops","Guatemala","Area harvested","Cereals, Total","2016","ha","922970"
"Crops","Guatemala","Area harvested","Cereals, Total","2017","ha","946309"
"Crops","Guatemala","Area harvested","Cereals, Total","2018","ha","927666"
"Crops","Guinea","Area harvested","Cereals, Total","2014","ha","3005661"
"Crops","Guinea","Area harvested","Cereals, Total","2015","ha","3144975"
"Crops","Guinea","Area harvested","Cereals, Total","2016","ha","3143904"
"Crops","Guinea","Area harvested","Cereals, Total","2017","ha","3223687"
"Crops","Guinea","Area harvested","Cereals, Total","2018","ha","3295749"
"Crops","Guinea-Bissau","Area harvested","Cereals nes","2014","ha","4890"
"Crops","Guinea-Bissau","Area harvested","Cereals nes","2015","ha","4955"
"Crops","Guinea-Bissau","Area harvested","Cereals nes","2016","ha","4910"
"Crops","Guinea-Bissau","Area harvested","Cereals nes","2017","ha","4966"
"Crops","Guinea-Bissau","Area harvested","Cereals nes","2018","ha","5023"
"Crops","Guinea-Bissau","Area harvested","Cereals, Total","2014","ha","120280"
"Crops","Guinea-Bissau","Area harvested","Cereals, Total","2015","ha","151350"
"Crops","Guinea-Bissau","Area harvested","Cereals, Total","2016","ha","171686"
"Crops","Guinea-Bissau","Area harvested","Cereals, Total","2017","ha","182576"
"Crops","Guinea-Bissau","Area harvested","Cereals, Total","2018","ha","163433"
"Crops","Guyana","Area harvested","Cereals, Total","2014","ha","188314"
"Crops","Guyana","Area harvested","Cereals, Total","2015","ha","193916"
"Crops","Guyana","Area harvested","Cereals, Total","2016","ha","153153"
"Crops","Guyana","Area harvested","Cereals, Total","2017","ha","175169"
"Crops","Guyana","Area harvested","Cereals, Total","2018","ha","170286"
"Crops","Haiti","Area harvested","Cereals, Total","2014","ha","578576"
"Crops","Haiti","Area harvested","Cereals, Total","2015","ha","516135"
"Crops","Haiti","Area harvested","Cereals, Total","2016","ha","496615"
"Crops","Haiti","Area harvested","Cereals, Total","2017","ha","427671"
"Crops","Haiti","Area harvested","Cereals, Total","2018","ha","457721"
"Crops","Honduras","Area harvested","Cereals, Total","2014","ha","361291"
"Crops","Honduras","Area harvested","Cereals, Total","2015","ha","396445"
"Crops","Honduras","Area harvested","Cereals, Total","2016","ha","371103"
"Crops","Honduras","Area harvested","Cereals, Total","2017","ha","414403"
"Crops","Honduras","Area harvested","Cereals, Total","2018","ha","430537"
"Crops","Hungary","Area harvested","Cereals nes","2014","ha","2440"
"Crops","Hungary","Area harvested","Cereals nes","2015","ha","1531"
"Crops","Hungary","Area harvested","Cereals nes","2016","ha","4332"
"Crops","Hungary","Area harvested","Cereals nes","2017","ha","4663"
"Crops","Hungary","Area harvested","Cereals nes","2018","ha","3021"
"Crops","Hungary","Area harvested","Cereals, Total","2014","ha","2817260"
"Crops","Hungary","Area harvested","Cereals, Total","2015","ha","2697704"
"Crops","Hungary","Area harvested","Cereals, Total","2016","ha","2565875"
"Crops","Hungary","Area harvested","Cereals, Total","2017","ha","2402083"
"Crops","Hungary","Area harvested","Cereals, Total","2018","ha","2378196"
"Crops","Iceland","Area harvested","Cereals, Total","2014","ha","1672"
"Crops","Iceland","Area harvested","Cereals, Total","2015","ha","1441"
"Crops","Iceland","Area harvested","Cereals, Total","2016","ha","2300"
"Crops","Iceland","Area harvested","Cereals, Total","2017","ha","2100"
"Crops","Iceland","Area harvested","Cereals, Total","2018","ha","1500"
"Crops","India","Area harvested","Cereals, Total","2014","ha","99988240"
"Crops","India","Area harvested","Cereals, Total","2015","ha","99533000"
"Crops","India","Area harvested","Cereals, Total","2016","ha","99020000"
"Crops","India","Area harvested","Cereals, Total","2017","ha","99170000"
"Crops","India","Area harvested","Cereals, Total","2018","ha","98008000"
"Crops","Indonesia","Area harvested","Cereals, Total","2014","ha","17634326"
"Crops","Indonesia","Area harvested","Cereals, Total","2015","ha","17904005"
"Crops","Indonesia","Area harvested","Cereals, Total","2016","ha","19600535"
"Crops","Indonesia","Area harvested","Cereals, Total","2017","ha","21245184"
"Crops","Indonesia","Area harvested","Cereals, Total","2018","ha","21675360"
"Crops","Iran (Islamic Republic of)","Area harvested","Cereals, Total","2014","ha","8555401"
"Crops","Iran (Islamic Republic of)","Area harvested","Cereals, Total","2015","ha","8183283"
"Crops","Iran (Islamic Republic of)","Area harvested","Cereals, Total","2016","ha","8451490"
"Crops","Iran (Islamic Republic of)","Area harvested","Cereals, Total","2017","ha","9050978"
"Crops","Iran (Islamic Republic of)","Area harvested","Cereals, Total","2018","ha","8981199"
"Crops","Iraq","Area harvested","Cereals, Total","2014","ha","3441479"
"Crops","Iraq","Area harvested","Cereals, Total","2015","ha","1288740"
"Crops","Iraq","Area harvested","Cereals, Total","2016","ha","1304163"
"Crops","Iraq","Area harvested","Cereals, Total","2017","ha","1357793"
"Crops","Iraq","Area harvested","Cereals, Total","2018","ha","1666816"
"Crops","Ireland","Area harvested","Cereals nes","2014","ha","800"
"Crops","Ireland","Area harvested","Cereals nes","2015","ha","900"
"Crops","Ireland","Area harvested","Cereals nes","2016","ha","800"
"Crops","Ireland","Area harvested","Cereals nes","2017","ha","800"
"Crops","Ireland","Area harvested","Cereals nes","2018","ha","600"
"Crops","Ireland","Area harvested","Cereals, Total","2014","ha","306894"
"Crops","Ireland","Area harvested","Cereals, Total","2015","ha","292594"
"Crops","Ireland","Area harvested","Cereals, Total","2016","ha","281290"
"Crops","Ireland","Area harvested","Cereals, Total","2017","ha","272589"
"Crops","Ireland","Area harvested","Cereals, Total","2018","ha","261787"
"Crops","Israel","Area harvested","Cereals, Total","2014","ha","82132"
"Crops","Israel","Area harvested","Cereals, Total","2015","ha","71073"
"Crops","Israel","Area harvested","Cereals, Total","2016","ha","61380"
"Crops","Israel","Area harvested","Cereals, Total","2017","ha","61737"
"Crops","Israel","Area harvested","Cereals, Total","2018","ha","68959"
"Crops","Italy","Area harvested","Cereals nes","2014","ha","37402"
"Crops","Italy","Area harvested","Cereals nes","2015","ha","36955"
"Crops","Italy","Area harvested","Cereals nes","2016","ha","28725"
"Crops","Italy","Area harvested","Cereals nes","2017","ha","33205"
"Crops","Italy","Area harvested","Cereals nes","2018","ha","34347"
"Crops","Italy","Area harvested","Cereals, Total","2014","ha","3392536"
"Crops","Italy","Area harvested","Cereals, Total","2015","ha","3275506"
"Crops","Italy","Area harvested","Cereals, Total","2016","ha","3253985"
"Crops","Italy","Area harvested","Cereals, Total","2017","ha","3140579"
"Crops","Italy","Area harvested","Cereals, Total","2018","ha","3105043"
"Crops","Jamaica","Area harvested","Cereals, Total","2014","ha","2206"
"Crops","Jamaica","Area harvested","Cereals, Total","2015","ha","2069"
"Crops","Jamaica","Area harvested","Cereals, Total","2016","ha","2159"
"Crops","Jamaica","Area harvested","Cereals, Total","2017","ha","2185"
"Crops","Jamaica","Area harvested","Cereals, Total","2018","ha","1896"
"Crops","Japan","Area harvested","Cereals, Total","2014","ha","1908211"
"Crops","Japan","Area harvested","Cereals, Total","2015","ha","1839096"
"Crops","Japan","Area harvested","Cereals, Total","2016","ha","1815858"
"Crops","Japan","Area harvested","Cereals, Total","2017","ha","1803081"
"Crops","Japan","Area harvested","Cereals, Total","2018","ha","1807263"
"Crops","Jordan","Area harvested","Cereals, Total","2014","ha","62353"
"Crops","Jordan","Area harvested","Cereals, Total","2015","ha","62765"
"Crops","Jordan","Area harvested","Cereals, Total","2016","ha","55671"
"Crops","Jordan","Area harvested","Cereals, Total","2017","ha","63624"
"Crops","Jordan","Area harvested","Cereals, Total","2018","ha","60537"
"Crops","Kazakhstan","Area harvested","Cereals nes","2014","ha","192222"
"Crops","Kazakhstan","Area harvested","Cereals nes","2015","ha","348000"
"Crops","Kazakhstan","Area harvested","Cereals nes","2016","ha","240299"
"Crops","Kazakhstan","Area harvested","Cereals nes","2017","ha","200006"
"Crops","Kazakhstan","Area harvested","Cereals nes","2018","ha","335013"
"Crops","Kazakhstan","Area harvested","Cereals, Total","2014","ha","14590623"
"Crops","Kazakhstan","Area harvested","Cereals, Total","2015","ha","14542276"
"Crops","Kazakhstan","Area harvested","Cereals, Total","2016","ha","15144296"
"Crops","Kazakhstan","Area harvested","Cereals, Total","2017","ha","14854952"
"Crops","Kazakhstan","Area harvested","Cereals, Total","2018","ha","14856767"
"Crops","Kenya","Area harvested","Cereals, Total","2014","ha","2669596"
"Crops","Kenya","Area harvested","Cereals, Total","2015","ha","2551443"
"Crops","Kenya","Area harvested","Cereals, Total","2016","ha","2814059"
"Crops","Kenya","Area harvested","Cereals, Total","2017","ha","2612028"
"Crops","Kenya","Area harvested","Cereals, Total","2018","ha","2670361"
"Crops","Kuwait","Area harvested","Cereals, Total","2014","ha","2453"
"Crops","Kuwait","Area harvested","Cereals, Total","2015","ha","1423"
"Crops","Kuwait","Area harvested","Cereals, Total","2016","ha","1007"
"Crops","Kuwait","Area harvested","Cereals, Total","2017","ha","1079"
"Crops","Kuwait","Area harvested","Cereals, Total","2018","ha","1070"
"Crops","Kyrgyzstan","Area harvested","Cereals, Total","2014","ha","595628"
"Crops","Kyrgyzstan","Area harvested","Cereals, Total","2015","ha","584652"
"Crops","Kyrgyzstan","Area harvested","Cereals, Total","2016","ha","568113"
"Crops","Kyrgyzstan","Area harvested","Cereals, Total","2017","ha","556278"
"Crops","Kyrgyzstan","Area harvested","Cereals, Total","2018","ha","563924"
"Crops","Lao People's Democratic Republic","Area harvested","Cereals, Total","2014","ha","1201221"
"Crops","Lao People's Democratic Republic","Area harvested","Cereals, Total","2015","ha","1219177"
"Crops","Lao People's Democratic Republic","Area harvested","Cereals, Total","2016","ha","1232237"
"Crops","Lao People's Democratic Republic","Area harvested","Cereals, Total","2017","ha","1163324"
"Crops","Lao People's Democratic Republic","Area harvested","Cereals, Total","2018","ha","1013794"
"Crops","Latvia","Area harvested","Cereals, Total","2014","ha","638800"
"Crops","Latvia","Area harvested","Cereals, Total","2015","ha","669500"
"Crops","Latvia","Area harvested","Cereals, Total","2016","ha","706100"
"Crops","Latvia","Area harvested","Cereals, Total","2017","ha","633500"
"Crops","Latvia","Area harvested","Cereals, Total","2018","ha","679800"
"Crops","Lebanon","Area harvested","Cereals, Total","2014","ha","52163"
"Crops","Lebanon","Area harvested","Cereals, Total","2015","ha","55666"
"Crops","Lebanon","Area harvested","Cereals, Total","2016","ha","57414"
"Crops","Lebanon","Area harvested","Cereals, Total","2017","ha","50542"
"Crops","Lebanon","Area harvested","Cereals, Total","2018","ha","54107"
"Crops","Lesotho","Area harvested","Cereals, Total","2014","ha","170240"
"Crops","Lesotho","Area harvested","Cereals, Total","2015","ha","125941"
"Crops","Lesotho","Area harvested","Cereals, Total","2016","ha","55276"
"Crops","Lesotho","Area harvested","Cereals, Total","2017","ha","218939"
"Crops","Lesotho","Area harvested","Cereals, Total","2018","ha","165285"
"Crops","Liberia","Area harvested","Cereals, Total","2014","ha","199631"
"Crops","Liberia","Area harvested","Cereals, Total","2015","ha","251253"
"Crops","Liberia","Area harvested","Cereals, Total","2016","ha","312314"
"Crops","Liberia","Area harvested","Cereals, Total","2017","ha","233590"
"Crops","Liberia","Area harvested","Cereals, Total","2018","ha","238090"
"Crops","Libya","Area harvested","Cereals, Total","2014","ha","455792"
"Crops","Libya","Area harvested","Cereals, Total","2015","ha","446099"
"Crops","Libya","Area harvested","Cereals, Total","2016","ha","402849"
"Crops","Libya","Area harvested","Cereals, Total","2017","ha","381691"
"Crops","Libya","Area harvested","Cereals, Total","2018","ha","367029"
"Crops","Lithuania","Area harvested","Cereals nes","2014","ha","900"
"Crops","Lithuania","Area harvested","Cereals nes","2015","ha","213"
"Crops","Lithuania","Area harvested","Cereals nes","2016","ha","131"
"Crops","Lithuania","Area harvested","Cereals nes","2017","ha","93"
"Crops","Lithuania","Area harvested","Cereals nes","2018","ha","124"
"Crops","Lithuania","Area harvested","Cereals, Total","2014","ha","1288800"
"Crops","Lithuania","Area harvested","Cereals, Total","2015","ha","1329091"
"Crops","Lithuania","Area harvested","Cereals, Total","2016","ha","1326697"
"Crops","Lithuania","Area harvested","Cereals, Total","2017","ha","1199510"
"Crops","Lithuania","Area harvested","Cereals, Total","2018","ha","1257225"
"Crops","Luxembourg","Area harvested","Cereals nes","2014","ha","26"
"Crops","Luxembourg","Area harvested","Cereals nes","2015","ha","59"
"Crops","Luxembourg","Area harvested","Cereals nes","2016","ha","119"
"Crops","Luxembourg","Area harvested","Cereals nes","2017","ha","108"
"Crops","Luxembourg","Area harvested","Cereals nes","2018","ha","61"
"Crops","Luxembourg","Area harvested","Cereals, Total","2014","ha","28399"
"Crops","Luxembourg","Area harvested","Cereals, Total","2015","ha","29287"
"Crops","Luxembourg","Area harvested","Cereals, Total","2016","ha","27855"
"Crops","Luxembourg","Area harvested","Cereals, Total","2017","ha","27960"
"Crops","Luxembourg","Area harvested","Cereals, Total","2018","ha","26310"
"Crops","Madagascar","Area harvested","Cereals, Total","2014","ha","1205633"
"Crops","Madagascar","Area harvested","Cereals, Total","2015","ha","1108983"
"Crops","Madagascar","Area harvested","Cereals, Total","2016","ha","1107920"
"Crops","Madagascar","Area harvested","Cereals, Total","2017","ha","903806"
"Crops","Madagascar","Area harvested","Cereals, Total","2018","ha","1062125"
"Crops","Malawi","Area harvested","Cereals, Total","2014","ha","1914565"
"Crops","Malawi","Area harvested","Cereals, Total","2015","ha","1887160"
"Crops","Malawi","Area harvested","Cereals, Total","2016","ha","1878999"
"Crops","Malawi","Area harvested","Cereals, Total","2017","ha","1950168"
"Crops","Malawi","Area harvested","Cereals, Total","2018","ha","1910382"
"Crops","Malaysia","Area harvested","Cereals, Total","2014","ha","624286"
"Crops","Malaysia","Area harvested","Cereals, Total","2015","ha","691589"
"Crops","Malaysia","Area harvested","Cereals, Total","2016","ha","698812"
"Crops","Malaysia","Area harvested","Cereals, Total","2017","ha","699745"
"Crops","Malaysia","Area harvested","Cereals, Total","2018","ha","677163"
"Crops","Maldives","Area harvested","Cereals, Total","2014","ha","83"
"Crops","Maldives","Area harvested","Cereals, Total","2015","ha","79"
"Crops","Maldives","Area harvested","Cereals, Total","2016","ha","77"
"Crops","Maldives","Area harvested","Cereals, Total","2017","ha","78"
"Crops","Maldives","Area harvested","Cereals, Total","2018","ha","76"
"Crops","Mali","Area harvested","Cereals nes","2014","ha","334"
"Crops","Mali","Area harvested","Cereals nes","2015","ha","322"
"Crops","Mali","Area harvested","Cereals nes","2016","ha","320"
"Crops","Mali","Area harvested","Cereals nes","2017","ha","318"
"Crops","Mali","Area harvested","Cereals nes","2018","ha","317"
"Crops","Mali","Area harvested","Cereals, Total","2014","ha","4501714"
"Crops","Mali","Area harvested","Cereals, Total","2015","ha","5112526"
"Crops","Mali","Area harvested","Cereals, Total","2016","ha","5510741"
"Crops","Mali","Area harvested","Cereals, Total","2017","ha","5808753"
"Crops","Mali","Area harvested","Cereals, Total","2018","ha","5658124"
"Crops","Malta","Area harvested","Cereals, Total","2014","ha","2892"
"Crops","Malta","Area harvested","Cereals, Total","2015","ha","2525"
"Crops","Malta","Area harvested","Cereals, Total","2016","ha","2647"
"Crops","Malta","Area harvested","Cereals, Total","2017","ha","2989"
"Crops","Malta","Area harvested","Cereals, Total","2018","ha","2927"
"Crops","Mauritania","Area harvested","Cereals, Total","2014","ha","222353"
"Crops","Mauritania","Area harvested","Cereals, Total","2015","ha","235683"
"Crops","Mauritania","Area harvested","Cereals, Total","2016","ha","258373"
"Crops","Mauritania","Area harvested","Cereals, Total","2017","ha","259954"
"Crops","Mauritania","Area harvested","Cereals, Total","2018","ha","257100"
"Crops","Mauritius","Area harvested","Cereals, Total","2014","ha","481"
"Crops","Mauritius","Area harvested","Cereals, Total","2015","ha","411"
"Crops","Mauritius","Area harvested","Cereals, Total","2016","ha","222"
"Crops","Mauritius","Area harvested","Cereals, Total","2017","ha","115"
"Crops","Mauritius","Area harvested","Cereals, Total","2018","ha","77"
"Crops","Mexico","Area harvested","Cereals nes","2014","ha","5014"
"Crops","Mexico","Area harvested","Cereals nes","2015","ha","6390"
"Crops","Mexico","Area harvested","Cereals nes","2016","ha","4545"
"Crops","Mexico","Area harvested","Cereals nes","2017","ha","3191"
"Crops","Mexico","Area harvested","Cereals nes","2018","ha","3552"
"Crops","Mexico","Area harvested","Cereals, Total","2014","ha","10197901"
"Crops","Mexico","Area harvested","Cereals, Total","2015","ha","10000904"
"Crops","Mexico","Area harvested","Cereals, Total","2016","ha","10260891"
"Crops","Mexico","Area harvested","Cereals, Total","2017","ha","9865991"
"Crops","Mexico","Area harvested","Cereals, Total","2018","ha","9426483"
"Crops","Micronesia (Federated States of)","Area harvested","Cereals, Total","2014","ha","170"
"Crops","Micronesia (Federated States of)","Area harvested","Cereals, Total","2015","ha","165"
"Crops","Micronesia (Federated States of)","Area harvested","Cereals, Total","2016","ha","168"
"Crops","Micronesia (Federated States of)","Area harvested","Cereals, Total","2017","ha","171"
"Crops","Micronesia (Federated States of)","Area harvested","Cereals, Total","2018","ha","161"
"Crops","Mongolia","Area harvested","Cereals nes","2014","ha","6428"
"Crops","Mongolia","Area harvested","Cereals nes","2015","ha","10241"
"Crops","Mongolia","Area harvested","Cereals nes","2016","ha","8369"
"Crops","Mongolia","Area harvested","Cereals nes","2017","ha","15075"
"Crops","Mongolia","Area harvested","Cereals nes","2018","ha","10169"
"Crops","Mongolia","Area harvested","Cereals, Total","2014","ha","315033"
"Crops","Mongolia","Area harvested","Cereals, Total","2015","ha","381209"
"Crops","Mongolia","Area harvested","Cereals, Total","2016","ha","377802"
"Crops","Mongolia","Area harvested","Cereals, Total","2017","ha","390860"
"Crops","Mongolia","Area harvested","Cereals, Total","2018","ha","367109"
"Crops","Montenegro","Area harvested","Cereals, Total","2014","ha","2206"
"Crops","Montenegro","Area harvested","Cereals, Total","2015","ha","2116"
"Crops","Montenegro","Area harvested","Cereals, Total","2016","ha","2152"
"Crops","Montenegro","Area harvested","Cereals, Total","2017","ha","2194"
"Crops","Montenegro","Area harvested","Cereals, Total","2018","ha","2204"
"Crops","Montserrat","Area harvested","Cereals, Total","2014","ha","20"
"Crops","Montserrat","Area harvested","Cereals, Total","2015","ha","20"
"Crops","Montserrat","Area harvested","Cereals, Total","2016","ha","20"
"Crops","Montserrat","Area harvested","Cereals, Total","2017","ha","19"
"Crops","Montserrat","Area harvested","Cereals, Total","2018","ha","19"
"Crops","Morocco","Area harvested","Cereals nes","2014","ha","4104"
"Crops","Morocco","Area harvested","Cereals nes","2015","ha","4184"
"Crops","Morocco","Area harvested","Cereals nes","2016","ha","4483"
"Crops","Morocco","Area harvested","Cereals nes","2017","ha","4071"
"Crops","Morocco","Area harvested","Cereals nes","2018","ha","4180"
"Crops","Morocco","Area harvested","Cereals, Total","2014","ha","4770408"
"Crops","Morocco","Area harvested","Cereals, Total","2015","ha","5460568"
"Crops","Morocco","Area harvested","Cereals, Total","2016","ha","3804848"
"Crops","Morocco","Area harvested","Cereals, Total","2017","ha","5568312"
"Crops","Morocco","Area harvested","Cereals, Total","2018","ha","4589475"
"Crops","Mozambique","Area harvested","Cereals, Total","2014","ha","2445300"
"Crops","Mozambique","Area harvested","Cereals, Total","2015","ha","2051314"
"Crops","Mozambique","Area harvested","Cereals, Total","2016","ha","2089046"
"Crops","Mozambique","Area harvested","Cereals, Total","2017","ha","1969213"
"Crops","Mozambique","Area harvested","Cereals, Total","2018","ha","2295657"
"Crops","Myanmar","Area harvested","Cereals nes","2014","ha","20622"
"Crops","Myanmar","Area harvested","Cereals nes","2015","ha","17365"
"Crops","Myanmar","Area harvested","Cereals nes","2016","ha","16623"
"Crops","Myanmar","Area harvested","Cereals nes","2017","ha","16130"
"Crops","Myanmar","Area harvested","Cereals nes","2018","ha","15664"
"Crops","Myanmar","Area harvested","Cereals, Total","2014","ha","7917914"
"Crops","Myanmar","Area harvested","Cereals, Total","2015","ha","7829588"
"Crops","Myanmar","Area harvested","Cereals, Total","2016","ha","7790868"
"Crops","Myanmar","Area harvested","Cereals, Total","2017","ha","7780038"
"Crops","Myanmar","Area harvested","Cereals, Total","2018","ha","7771933"
"Crops","Namibia","Area harvested","Cereals, Total","2014","ha","494667"
"Crops","Namibia","Area harvested","Cereals, Total","2015","ha","314124"
"Crops","Namibia","Area harvested","Cereals, Total","2016","ha","284437"
"Crops","Namibia","Area harvested","Cereals, Total","2017","ha","322697"
"Crops","Namibia","Area harvested","Cereals, Total","2018","ha","304290"
"Crops","Nepal","Area harvested","Cereals, Total","2014","ha","3480052"
"Crops","Nepal","Area harvested","Cereals, Total","2015","ha","3377036"
"Crops","Nepal","Area harvested","Cereals, Total","2016","ha","3306317"
"Crops","Nepal","Area harvested","Cereals, Total","2017","ha","3490663"
"Crops","Nepal","Area harvested","Cereals, Total","2018","ha","3428987"
"Crops","Netherlands","Area harvested","Cereals, Total","2014","ha","187410"
"Crops","Netherlands","Area harvested","Cereals, Total","2015","ha","190986"
"Crops","Netherlands","Area harvested","Cereals, Total","2016","ha","174263"
"Crops","Netherlands","Area harvested","Cereals, Total","2017","ha","158359"
"Crops","Netherlands","Area harvested","Cereals, Total","2018","ha","161165"
"Crops","New Caledonia","Area harvested","Cereals, Total","2014","ha","1263"
"Crops","New Caledonia","Area harvested","Cereals, Total","2015","ha","1465"
"Crops","New Caledonia","Area harvested","Cereals, Total","2016","ha","1495"
"Crops","New Caledonia","Area harvested","Cereals, Total","2017","ha","1579"
"Crops","New Caledonia","Area harvested","Cereals, Total","2018","ha","1378"
"Crops","New Zealand","Area harvested","Cereals nes","2014","ha","1151"
"Crops","New Zealand","Area harvested","Cereals nes","2015","ha","1435"
"Crops","New Zealand","Area harvested","Cereals nes","2016","ha","2529"
"Crops","New Zealand","Area harvested","Cereals nes","2017","ha","4127"
"Crops","New Zealand","Area harvested","Cereals nes","2018","ha","1888"
"Crops","New Zealand","Area harvested","Cereals, Total","2014","ha","136664"
"Crops","New Zealand","Area harvested","Cereals, Total","2015","ha","138865"
"Crops","New Zealand","Area harvested","Cereals, Total","2016","ha","130787"
"Crops","New Zealand","Area harvested","Cereals, Total","2017","ha","110699"
"Crops","New Zealand","Area harvested","Cereals, Total","2018","ha","121248"
"Crops","Nicaragua","Area harvested","Cereals, Total","2014","ha","438100"
"Crops","Nicaragua","Area harvested","Cereals, Total","2015","ha","385455"
"Crops","Nicaragua","Area harvested","Cereals, Total","2016","ha","482508"
"Crops","Nicaragua","Area harvested","Cereals, Total","2017","ha","432035"
"Crops","Nicaragua","Area harvested","Cereals, Total","2018","ha","389130"
"Crops","Niger","Area harvested","Cereals nes","2014","ha","4178"
"Crops","Niger","Area harvested","Cereals nes","2015","ha","3261"
"Crops","Niger","Area harvested","Cereals nes","2016","ha","3040"
"Crops","Niger","Area harvested","Cereals nes","2017","ha","3002"
"Crops","Niger","Area harvested","Cereals nes","2018","ha","2963"
"Crops","Niger","Area harvested","Cereals, Total","2014","ha","11000547"
"Crops","Niger","Area harvested","Cereals, Total","2015","ha","9912253"
"Crops","Niger","Area harvested","Cereals, Total","2016","ha","10907746"
"Crops","Niger","Area harvested","Cereals, Total","2017","ha","10886663"
"Crops","Niger","Area harvested","Cereals, Total","2018","ha","10995187"
"Crops","Nigeria","Area harvested","Cereals, Total","2014","ha","16887398"
"Crops","Nigeria","Area harvested","Cereals, Total","2015","ha","17614471"
"Crops","Nigeria","Area harvested","Cereals, Total","2016","ha","19099250"
"Crops","Nigeria","Area harvested","Cereals, Total","2017","ha","18182627"
"Crops","Nigeria","Area harvested","Cereals, Total","2018","ha","17373539"
"Crops","North Macedonia","Area harvested","Cereals, Total","2014","ha","161343"
"Crops","North Macedonia","Area harvested","Cereals, Total","2015","ha","158595"
"Crops","North Macedonia","Area harvested","Cereals, Total","2016","ha","166098"
"Crops","North Macedonia","Area harvested","Cereals, Total","2017","ha","159498"
"Crops","North Macedonia","Area harvested","Cereals, Total","2018","ha","161091"
"Crops","Norway","Area harvested","Cereals, Total","2014","ha","284043"
"Crops","Norway","Area harvested","Cereals, Total","2015","ha","283008"
"Crops","Norway","Area harvested","Cereals, Total","2016","ha","285356"
"Crops","Norway","Area harvested","Cereals, Total","2017","ha","286881"
"Crops","Norway","Area harvested","Cereals, Total","2018","ha","279238"
"Crops","Oman","Area harvested","Cereals nes","2014","ha","603"
"Crops","Oman","Area harvested","Cereals nes","2015","ha","578"
"Crops","Oman","Area harvested","Cereals nes","2016","ha","561"
"Crops","Oman","Area harvested","Cereals nes","2017","ha","547"
"Crops","Oman","Area harvested","Cereals nes","2018","ha","534"
"Crops","Oman","Area harvested","Cereals, Total","2014","ha","5257"
"Crops","Oman","Area harvested","Cereals, Total","2015","ha","5647"
"Crops","Oman","Area harvested","Cereals, Total","2016","ha","4858"
"Crops","Oman","Area harvested","Cereals, Total","2017","ha","4858"
"Crops","Oman","Area harvested","Cereals, Total","2018","ha","4850"
"Crops","Pakistan","Area harvested","Cereals, Total","2014","ha","13959878"
"Crops","Pakistan","Area harvested","Cereals, Total","2015","ha","13961922"
"Crops","Pakistan","Area harvested","Cereals, Total","2016","ha","14087724"
"Crops","Pakistan","Area harvested","Cereals, Total","2017","ha","13928846"
"Crops","Pakistan","Area harvested","Cereals, Total","2018","ha","13680217"
"Crops","Palestine","Area harvested","Cereals nes","2014","ha","229"
"Crops","Palestine","Area harvested","Cereals nes","2015","ha","243"
"Crops","Palestine","Area harvested","Cereals nes","2016","ha","219"
"Crops","Palestine","Area harvested","Cereals nes","2017","ha","222"
"Crops","Palestine","Area harvested","Cereals nes","2018","ha","226"
"Crops","Palestine","Area harvested","Cereals, Total","2014","ha","27146"
"Crops","Palestine","Area harvested","Cereals, Total","2015","ha","23821"
"Crops","Palestine","Area harvested","Cereals, Total","2016","ha","23665"
"Crops","Palestine","Area harvested","Cereals, Total","2017","ha","23850"
"Crops","Palestine","Area harvested","Cereals, Total","2018","ha","23441"
"Crops","Panama","Area harvested","Cereals, Total","2014","ha","134481"
"Crops","Panama","Area harvested","Cereals, Total","2015","ha","159238"
"Crops","Panama","Area harvested","Cereals, Total","2016","ha","150508"
"Crops","Panama","Area harvested","Cereals, Total","2017","ha","146689"
"Crops","Panama","Area harvested","Cereals, Total","2018","ha","146605"
"Crops","Papua New Guinea","Area harvested","Cereals, Total","2014","ha","3841"
"Crops","Papua New Guinea","Area harvested","Cereals, Total","2015","ha","4021"
"Crops","Papua New Guinea","Area harvested","Cereals, Total","2016","ha","4087"
"Crops","Papua New Guinea","Area harvested","Cereals, Total","2017","ha","4174"
"Crops","Papua New Guinea","Area harvested","Cereals, Total","2018","ha","4260"
"Crops","Paraguay","Area harvested","Cereals, Total","2014","ha","1505000"
"Crops","Paraguay","Area harvested","Cereals, Total","2015","ha","1709060"
"Crops","Paraguay","Area harvested","Cereals, Total","2016","ha","1641000"
"Crops","Paraguay","Area harvested","Cereals, Total","2017","ha","1621000"
"Crops","Paraguay","Area harvested","Cereals, Total","2018","ha","1673000"
"Crops","Peru","Area harvested","Cereals nes","2014","ha","9280"
"Crops","Peru","Area harvested","Cereals nes","2015","ha","9393"
"Crops","Peru","Area harvested","Cereals nes","2016","ha","9330"
"Crops","Peru","Area harvested","Cereals nes","2017","ha","9399"
"Crops","Peru","Area harvested","Cereals nes","2018","ha","9468"
"Crops","Peru","Area harvested","Cereals, Total","2014","ha","1247032"
"Crops","Peru","Area harvested","Cereals, Total","2015","ha","1289340"
"Crops","Peru","Area harvested","Cereals, Total","2016","ha","1236861"
"Crops","Peru","Area harvested","Cereals, Total","2017","ha","1219132"
"Crops","Peru","Area harvested","Cereals, Total","2018","ha","1242613"
"Crops","Philippines","Area harvested","Cereals, Total","2014","ha","7351234"
"Crops","Philippines","Area harvested","Cereals, Total","2015","ha","7218290"
"Crops","Philippines","Area harvested","Cereals, Total","2016","ha","7040630"
"Crops","Philippines","Area harvested","Cereals, Total","2017","ha","7364505"
"Crops","Philippines","Area harvested","Cereals, Total","2018","ha","7311944"
"Crops","Poland","Area harvested","Cereals nes","2014","ha","8685"
"Crops","Poland","Area harvested","Cereals nes","2015","ha","5294"
"Crops","Poland","Area harvested","Cereals nes","2016","ha","2383"
"Crops","Poland","Area harvested","Cereals nes","2017","ha","2420"
"Crops","Poland","Area harvested","Cereals nes","2018","ha","4317"
"Crops","Poland","Area harvested","Cereals, Total","2014","ha","7484956"
"Crops","Poland","Area harvested","Cereals, Total","2015","ha","7511852"
"Crops","Poland","Area harvested","Cereals, Total","2016","ha","7400264"
"Crops","Poland","Area harvested","Cereals, Total","2017","ha","7601996"
"Crops","Poland","Area harvested","Cereals, Total","2018","ha","7806310"
"Crops","Portugal","Area harvested","Cereals, Total","2014","ha","301916"
"Crops","Portugal","Area harvested","Cereals, Total","2015","ha","269207"
"Crops","Portugal","Area harvested","Cereals, Total","2016","ha","257348"
"Crops","Portugal","Area harvested","Cereals, Total","2017","ha","236552"
"Crops","Portugal","Area harvested","Cereals, Total","2018","ha","229721"
"Crops","Puerto Rico","Area harvested","Cereals, Total","2014","ha","28"
"Crops","Puerto Rico","Area harvested","Cereals, Total","2015","ha","102"
"Crops","Puerto Rico","Area harvested","Cereals, Total","2016","ha","193"
"Crops","Puerto Rico","Area harvested","Cereals, Total","2017","ha","148"
"Crops","Puerto Rico","Area harvested","Cereals, Total","2018","ha","186"
"Crops","Qatar","Area harvested","Cereals nes","2014","ha","3"
"Crops","Qatar","Area harvested","Cereals nes","2015","ha","8"
"Crops","Qatar","Area harvested","Cereals nes","2016","ha","21"
"Crops","Qatar","Area harvested","Cereals nes","2017","ha","20"
"Crops","Qatar","Area harvested","Cereals nes","2018","ha","31"
"Crops","Qatar","Area harvested","Cereals, Total","2014","ha","378"
"Crops","Qatar","Area harvested","Cereals, Total","2015","ha","308"
"Crops","Qatar","Area harvested","Cereals, Total","2016","ha","294"
"Crops","Qatar","Area harvested","Cereals, Total","2017","ha","275"
"Crops","Qatar","Area harvested","Cereals, Total","2018","ha","265"
"Crops","Republic of Korea","Area harvested","Cereals nes","2014","ha","10290"
"Crops","Republic of Korea","Area harvested","Cereals nes","2015","ha","12322"
"Crops","Republic of Korea","Area harvested","Cereals nes","2016","ha","11378"
"Crops","Republic of Korea","Area harvested","Cereals nes","2017","ha","8455"
"Crops","Republic of Korea","Area harvested","Cereals nes","2018","ha","9314"
"Crops","Republic of Korea","Area harvested","Cereals, Total","2014","ha","884326"
"Crops","Republic of Korea","Area harvested","Cereals, Total","2015","ha","876975"
"Crops","Republic of Korea","Area harvested","Cereals, Total","2016","ha","858441"
"Crops","Republic of Korea","Area harvested","Cereals, Total","2017","ha","821774"
"Crops","Republic of Korea","Area harvested","Cereals, Total","2018","ha","824441"
"Crops","Republic of Moldova","Area harvested","Cereals, Total","2014","ha","912901"
"Crops","Republic of Moldova","Area harvested","Cereals, Total","2015","ha","920899"
"Crops","Republic of Moldova","Area harvested","Cereals, Total","2016","ha","923954"
"Crops","Republic of Moldova","Area harvested","Cereals, Total","2017","ha","899764"
"Crops","Republic of Moldova","Area harvested","Cereals, Total","2018","ha","928851"
"Crops","Réunion","Area harvested","Cereals, Total","2014","ha","1849"
"Crops","Réunion","Area harvested","Cereals, Total","2015","ha","1798"
"Crops","Réunion","Area harvested","Cereals, Total","2016","ha","1818"
"Crops","Réunion","Area harvested","Cereals, Total","2017","ha","1820"
"Crops","Réunion","Area harvested","Cereals, Total","2018","ha","1816"
"Crops","Romania","Area harvested","Cereals nes","2014","ha","3432"
"Crops","Romania","Area harvested","Cereals nes","2015","ha","2535"
"Crops","Romania","Area harvested","Cereals nes","2016","ha","4647"
"Crops","Romania","Area harvested","Cereals nes","2017","ha","3301"
"Crops","Romania","Area harvested","Cereals nes","2018","ha","2720"
"Crops","Romania","Area harvested","Cereals, Total","2014","ha","5423895"
"Crops","Romania","Area harvested","Cereals, Total","2015","ha","5455244"
"Crops","Romania","Area harvested","Cereals, Total","2016","ha","5480496"
"Crops","Romania","Area harvested","Cereals, Total","2017","ha","5191407"
"Crops","Romania","Area harvested","Cereals, Total","2018","ha","5253928"
"Crops","Russian Federation","Area harvested","Cereals nes","2014","ha","40187"
"Crops","Russian Federation","Area harvested","Cereals nes","2015","ha","39021"
"Crops","Russian Federation","Area harvested","Cereals nes","2016","ha","36457"
"Crops","Russian Federation","Area harvested","Cereals nes","2017","ha","36784"
"Crops","Russian Federation","Area harvested","Cereals nes","2018","ha","36281"
"Crops","Russian Federation","Area harvested","Cereals, Total","2014","ha","42205520"
"Crops","Russian Federation","Area harvested","Cereals, Total","2015","ha","42839695"
"Crops","Russian Federation","Area harvested","Cereals, Total","2016","ha","44423536"
"Crops","Russian Federation","Area harvested","Cereals, Total","2017","ha","44246538"
"Crops","Russian Federation","Area harvested","Cereals, Total","2018","ha","41983108"
"Crops","Rwanda","Area harvested","Cereals, Total","2014","ha","409388"
"Crops","Rwanda","Area harvested","Cereals, Total","2015","ha","425231"
"Crops","Rwanda","Area harvested","Cereals, Total","2016","ha","453636"
"Crops","Rwanda","Area harvested","Cereals, Total","2017","ha","494596"
"Crops","Rwanda","Area harvested","Cereals, Total","2018","ha","494472"
"Crops","Saint Lucia","Area harvested","Cereals, Total","2014","ha",""
"Crops","Saint Lucia","Area harvested","Cereals, Total","2015","ha",""
"Crops","Saint Lucia","Area harvested","Cereals, Total","2016","ha",""
"Crops","Saint Lucia","Area harvested","Cereals, Total","2017","ha",""
"Crops","Saint Lucia","Area harvested","Cereals, Total","2018","ha",""
"Crops","Saint Vincent and the Grenadines","Area harvested","Cereals, Total","2014","ha","35"
"Crops","Saint Vincent and the Grenadines","Area harvested","Cereals, Total","2015","ha","32"
"Crops","Saint Vincent and the Grenadines","Area harvested","Cereals, Total","2016","ha","35"
"Crops","Saint Vincent and the Grenadines","Area harvested","Cereals, Total","2017","ha","40"
"Crops","Saint Vincent and the Grenadines","Area harvested","Cereals, Total","2018","ha","37"
"Crops","Sao Tome and Principe","Area harvested","Cereals, Total","2014","ha","410"
"Crops","Sao Tome and Principe","Area harvested","Cereals, Total","2015","ha","414"
"Crops","Sao Tome and Principe","Area harvested","Cereals, Total","2016","ha","375"
"Crops","Sao Tome and Principe","Area harvested","Cereals, Total","2017","ha","282"
"Crops","Sao Tome and Principe","Area harvested","Cereals, Total","2018","ha","462"
"Crops","Saudi Arabia","Area harvested","Cereals, Total","2014","ha","292816"
"Crops","Saudi Arabia","Area harvested","Cereals, Total","2015","ha","279564"
"Crops","Saudi Arabia","Area harvested","Cereals, Total","2016","ha","266968"
"Crops","Saudi Arabia","Area harvested","Cereals, Total","2017","ha","255159"
"Crops","Saudi Arabia","Area harvested","Cereals, Total","2018","ha","245861"
"Crops","Senegal","Area harvested","Cereals nes","2014","ha",""
"Crops","Senegal","Area harvested","Cereals nes","2015","ha",""
"Crops","Senegal","Area harvested","Cereals nes","2016","ha",""
"Crops","Senegal","Area harvested","Cereals nes","2017","ha",""
"Crops","Senegal","Area harvested","Cereals nes","2018","ha",""
"Crops","Senegal","Area harvested","Cereals, Total","2014","ha","1125682"
"Crops","Senegal","Area harvested","Cereals, Total","2015","ha","1563993"
"Crops","Senegal","Area harvested","Cereals, Total","2016","ha","1389573"
"Crops","Senegal","Area harvested","Cereals, Total","2017","ha","1326618"
"Crops","Senegal","Area harvested","Cereals, Total","2018","ha","1341597"
"Crops","Serbia","Area harvested","Cereals nes","2014","ha","2360"
"Crops","Serbia","Area harvested","Cereals nes","2015","ha","5645"
"Crops","Serbia","Area harvested","Cereals nes","2016","ha","5812"
"Crops","Serbia","Area harvested","Cereals nes","2017","ha","6985"
"Crops","Serbia","Area harvested","Cereals nes","2018","ha","4332"
"Crops","Serbia","Area harvested","Cereals, Total","2014","ha","1821731"
"Crops","Serbia","Area harvested","Cereals, Total","2015","ha","1766790"
"Crops","Serbia","Area harvested","Cereals, Total","2016","ha","1765433"
"Crops","Serbia","Area harvested","Cereals, Total","2017","ha","1717348"
"Crops","Serbia","Area harvested","Cereals, Total","2018","ha","1720321"
"Crops","Sierra Leone","Area harvested","Cereals nes","2014","ha","11950"
"Crops","Sierra Leone","Area harvested","Cereals nes","2015","ha","13238"
"Crops","Sierra Leone","Area harvested","Cereals nes","2016","ha","13095"
"Crops","Sierra Leone","Area harvested","Cereals nes","2017","ha","13565"
"Crops","Sierra Leone","Area harvested","Cereals nes","2018","ha","13268"
"Crops","Sierra Leone","Area harvested","Cereals, Total","2014","ha","853046"
"Crops","Sierra Leone","Area harvested","Cereals, Total","2015","ha","732469"
"Crops","Sierra Leone","Area harvested","Cereals, Total","2016","ha","888456"
"Crops","Sierra Leone","Area harvested","Cereals, Total","2017","ha","878798"
"Crops","Sierra Leone","Area harvested","Cereals, Total","2018","ha","895640"
"Crops","Slovakia","Area harvested","Cereals nes","2014","ha","44"
"Crops","Slovakia","Area harvested","Cereals nes","2015","ha","12"
"Crops","Slovakia","Area harvested","Cereals nes","2016","ha","198"
"Crops","Slovakia","Area harvested","Cereals nes","2017","ha","141"
"Crops","Slovakia","Area harvested","Cereals nes","2018","ha","72"
"Crops","Slovakia","Area harvested","Cereals, Total","2014","ha","779581"
"Crops","Slovakia","Area harvested","Cereals, Total","2015","ha","749217"
"Crops","Slovakia","Area harvested","Cereals, Total","2016","ha","753845"
"Crops","Slovakia","Area harvested","Cereals, Total","2017","ha","717472"
"Crops","Slovakia","Area harvested","Cereals, Total","2018","ha","743154"
"Crops","Slovenia","Area harvested","Cereals nes","2014","ha","506"
"Crops","Slovenia","Area harvested","Cereals nes","2015","ha","209"
"Crops","Slovenia","Area harvested","Cereals nes","2016","ha","206"
"Crops","Slovenia","Area harvested","Cereals nes","2017","ha","230"
"Crops","Slovenia","Area harvested","Cereals nes","2018","ha","207"
"Crops","Slovenia","Area harvested","Cereals, Total","2014","ha","100906"
"Crops","Slovenia","Area harvested","Cereals, Total","2015","ha","100003"
"Crops","Slovenia","Area harvested","Cereals, Total","2016","ha","99384"
"Crops","Slovenia","Area harvested","Cereals, Total","2017","ha","99498"
"Crops","Slovenia","Area harvested","Cereals, Total","2018","ha","99291"
"Crops","Solomon Islands","Area harvested","Cereals, Total","2014","ha","1455"
"Crops","Solomon Islands","Area harvested","Cereals, Total","2015","ha","1544"
"Crops","Solomon Islands","Area harvested","Cereals, Total","2016","ha","1685"
"Crops","Solomon Islands","Area harvested","Cereals, Total","2017","ha","1555"
"Crops","Solomon Islands","Area harvested","Cereals, Total","2018","ha","1598"
"Crops","Somalia","Area harvested","Cereals, Total","2014","ha","440268"
"Crops","Somalia","Area harvested","Cereals, Total","2015","ha","447098"
"Crops","Somalia","Area harvested","Cereals, Total","2016","ha","280660"
"Crops","Somalia","Area harvested","Cereals, Total","2017","ha","343687"
"Crops","Somalia","Area harvested","Cereals, Total","2018","ha","330887"
"Crops","South Africa","Area harvested","Cereals nes","2014","ha","34783"
"Crops","South Africa","Area harvested","Cereals nes","2015","ha","27494"
"Crops","South Africa","Area harvested","Cereals nes","2016","ha","34829"
"Crops","South Africa","Area harvested","Cereals nes","2017","ha","34369"
"Crops","South Africa","Area harvested","Cereals nes","2018","ha","33847"
"Crops","South Africa","Area harvested","Cereals, Total","2014","ha","3391585"
"Crops","South Africa","Area harvested","Cereals, Total","2015","ha","3362235"
"Crops","South Africa","Area harvested","Cereals, Total","2016","ha","2671222"
"Crops","South Africa","Area harvested","Cereals, Total","2017","ha","3342279"
"Crops","South Africa","Area harvested","Cereals, Total","2018","ha","3034761"
"Crops","South Sudan","Area harvested","Cereals, Total","2014","ha","1013451"
"Crops","South Sudan","Area harvested","Cereals, Total","2015","ha","1253626"
"Crops","South Sudan","Area harvested","Cereals, Total","2016","ha","1118911"
"Crops","South Sudan","Area harvested","Cereals, Total","2017","ha","1040095"
"Crops","South Sudan","Area harvested","Cereals, Total","2018","ha","1004675"
"Crops","Spain","Area harvested","Cereals nes","2014","ha","32292"
"Crops","Spain","Area harvested","Cereals nes","2015","ha","29441"
"Crops","Spain","Area harvested","Cereals nes","2016","ha","6131"
"Crops","Spain","Area harvested","Cereals nes","2017","ha","1946"
"Crops","Spain","Area harvested","Cereals nes","2018","ha","5729"
"Crops","Spain","Area harvested","Cereals, Total","2014","ha","6335536"
"Crops","Spain","Area harvested","Cereals, Total","2015","ha","6212892"
"Crops","Spain","Area harvested","Cereals, Total","2016","ha","6203674"
"Crops","Spain","Area harvested","Cereals, Total","2017","ha","6011747"
"Crops","Spain","Area harvested","Cereals, Total","2018","ha","5989227"
"Crops","Sri Lanka","Area harvested","Cereals, Total","2014","ha","953655"
"Crops","Sri Lanka","Area harvested","Cereals, Total","2015","ha","1075198"
"Crops","Sri Lanka","Area harvested","Cereals, Total","2016","ha","1215182"
"Crops","Sri Lanka","Area harvested","Cereals, Total","2017","ha","848493"
"Crops","Sri Lanka","Area harvested","Cereals, Total","2018","ha","1118704"
"Crops","Sudan","Area harvested","Cereals, Total","2014","ha","11812534"
"Crops","Sudan","Area harvested","Cereals, Total","2015","ha","7174020"
"Crops","Sudan","Area harvested","Cereals, Total","2016","ha","12424860"
"Crops","Sudan","Area harvested","Cereals, Total","2017","ha","8843354"
"Crops","Sudan","Area harvested","Cereals, Total","2018","ha","11130949"
"Crops","Suriname","Area harvested","Cereals, Total","2014","ha","62247"
"Crops","Suriname","Area harvested","Cereals, Total","2015","ha","59283"
"Crops","Suriname","Area harvested","Cereals, Total","2016","ha","62749"
"Crops","Suriname","Area harvested","Cereals, Total","2017","ha","59340"
"Crops","Suriname","Area harvested","Cereals, Total","2018","ha","56282"
"Crops","Sweden","Area harvested","Cereals, Total","2014","ha","1022750"
"Crops","Sweden","Area harvested","Cereals, Total","2015","ha","1017980"
"Crops","Sweden","Area harvested","Cereals, Total","2016","ha","1001680"
"Crops","Sweden","Area harvested","Cereals, Total","2017","ha","992871"
"Crops","Sweden","Area harvested","Cereals, Total","2018","ha","921000"
"Crops","Switzerland","Area harvested","Cereals nes","2014","ha","131"
"Crops","Switzerland","Area harvested","Cereals nes","2015","ha","111"
"Crops","Switzerland","Area harvested","Cereals nes","2016","ha","43"
"Crops","Switzerland","Area harvested","Cereals nes","2017","ha","50"
"Crops","Switzerland","Area harvested","Cereals nes","2018","ha","41"
"Crops","Switzerland","Area harvested","Cereals, Total","2014","ha","141184"
"Crops","Switzerland","Area harvested","Cereals, Total","2015","ha","141503"
"Crops","Switzerland","Area harvested","Cereals, Total","2016","ha","144314"
"Crops","Switzerland","Area harvested","Cereals, Total","2017","ha","143615"
"Crops","Switzerland","Area harvested","Cereals, Total","2018","ha","142182"
"Crops","Syrian Arab Republic","Area harvested","Cereals, Total","2014","ha","2536078"
"Crops","Syrian Arab Republic","Area harvested","Cereals, Total","2015","ha","3169877"
"Crops","Syrian Arab Republic","Area harvested","Cereals, Total","2016","ha","2246720"
"Crops","Syrian Arab Republic","Area harvested","Cereals, Total","2017","ha","2489610"
"Crops","Syrian Arab Republic","Area harvested","Cereals, Total","2018","ha","1422088"
"Crops","Tajikistan","Area harvested","Cereals, Total","2014","ha","394424"
"Crops","Tajikistan","Area harvested","Cereals, Total","2015","ha","406030"
"Crops","Tajikistan","Area harvested","Cereals, Total","2016","ha","408238"
"Crops","Tajikistan","Area harvested","Cereals, Total","2017","ha","394543"
"Crops","Tajikistan","Area harvested","Cereals, Total","2018","ha","357993"
"Crops","Thailand","Area harvested","Cereals nes","2014","ha","90798"
"Crops","Thailand","Area harvested","Cereals nes","2015","ha","103083"
"Crops","Thailand","Area harvested","Cereals nes","2016","ha","99782"
"Crops","Thailand","Area harvested","Cereals nes","2017","ha","102957"
"Crops","Thailand","Area harvested","Cereals nes","2018","ha","106129"
"Crops","Thailand","Area harvested","Cereals, Total","2014","ha","12011254"
"Crops","Thailand","Area harvested","Cereals, Total","2015","ha","11076663"
"Crops","Thailand","Area harvested","Cereals, Total","2016","ha","10054306"
"Crops","Thailand","Area harvested","Cereals, Total","2017","ha","11836978"
"Crops","Thailand","Area harvested","Cereals, Total","2018","ha","11745384"
"Crops","Timor-Leste","Area harvested","Cereals, Total","2014","ha","65443"
"Crops","Timor-Leste","Area harvested","Cereals, Total","2015","ha","82756"
"Crops","Timor-Leste","Area harvested","Cereals, Total","2016","ha","82697"
"Crops","Timor-Leste","Area harvested","Cereals, Total","2017","ha","74399"
"Crops","Timor-Leste","Area harvested","Cereals, Total","2018","ha","73659"
"Crops","Togo","Area harvested","Cereals nes","2014","ha","4466"
"Crops","Togo","Area harvested","Cereals nes","2015","ha","4180"
"Crops","Togo","Area harvested","Cereals nes","2016","ha","3126"
"Crops","Togo","Area harvested","Cereals nes","2017","ha","3842"
"Crops","Togo","Area harvested","Cereals nes","2018","ha","3562"
"Crops","Togo","Area harvested","Cereals, Total","2014","ha","1136766"
"Crops","Togo","Area harvested","Cereals, Total","2015","ha","1010255"
"Crops","Togo","Area harvested","Cereals, Total","2016","ha","1116964"
"Crops","Togo","Area harvested","Cereals, Total","2017","ha","1142113"
"Crops","Togo","Area harvested","Cereals, Total","2018","ha","1168582"
"Crops","Trinidad and Tobago","Area harvested","Cereals, Total","2014","ha","4653"
"Crops","Trinidad and Tobago","Area harvested","Cereals, Total","2015","ha","4319"
"Crops","Trinidad and Tobago","Area harvested","Cereals, Total","2016","ha","3318"
"Crops","Trinidad and Tobago","Area harvested","Cereals, Total","2017","ha","2606"
"Crops","Trinidad and Tobago","Area harvested","Cereals, Total","2018","ha","1694"
"Crops","Tunisia","Area harvested","Cereals nes","2014","ha","18100"
"Crops","Tunisia","Area harvested","Cereals nes","2015","ha","17900"
"Crops","Tunisia","Area harvested","Cereals nes","2016","ha","21055"
"Crops","Tunisia","Area harvested","Cereals nes","2017","ha","16957"
"Crops","Tunisia","Area harvested","Cereals nes","2018","ha","16383"
"Crops","Tunisia","Area harvested","Cereals, Total","2014","ha","1301380"
"Crops","Tunisia","Area harvested","Cereals, Total","2015","ha","1214848"
"Crops","Tunisia","Area harvested","Cereals, Total","2016","ha","858742"
"Crops","Tunisia","Area harvested","Cereals, Total","2017","ha","1253233"
"Crops","Tunisia","Area harvested","Cereals, Total","2018","ha","1583354"
"Crops","Turkey","Area harvested","Cereals, Total","2014","ha","11551358"
"Crops","Turkey","Area harvested","Cereals, Total","2015","ha","11679276"
"Crops","Turkey","Area harvested","Cereals, Total","2016","ha","11359619"
"Crops","Turkey","Area harvested","Cereals, Total","2017","ha","11090361"
"Crops","Turkey","Area harvested","Cereals, Total","2018","ha","10871307"
"Crops","Turkmenistan","Area harvested","Cereals, Total","2014","ha","1136468"
"Crops","Turkmenistan","Area harvested","Cereals, Total","2015","ha","1348355"
"Crops","Turkmenistan","Area harvested","Cereals, Total","2016","ha","1547635"
"Crops","Turkmenistan","Area harvested","Cereals, Total","2017","ha","1099208"
"Crops","Turkmenistan","Area harvested","Cereals, Total","2018","ha","1112516"
"Crops","Uganda","Area harvested","Cereals, Total","2014","ha","1760185"
"Crops","Uganda","Area harvested","Cereals, Total","2015","ha","1782799"
"Crops","Uganda","Area harvested","Cereals, Total","2016","ha","1821729"
"Crops","Uganda","Area harvested","Cereals, Total","2017","ha","1861796"
"Crops","Uganda","Area harvested","Cereals, Total","2018","ha","1832931"
"Crops","Ukraine","Area harvested","Cereals nes","2014","ha","3800"
"Crops","Ukraine","Area harvested","Cereals nes","2015","ha","3910"
"Crops","Ukraine","Area harvested","Cereals nes","2016","ha","3700"
"Crops","Ukraine","Area harvested","Cereals nes","2017","ha","4307"
"Crops","Ukraine","Area harvested","Cereals nes","2018","ha","4055"
"Crops","Ukraine","Area harvested","Cereals, Total","2014","ha","14405800"
"Crops","Ukraine","Area harvested","Cereals, Total","2015","ha","14399520"
"Crops","Ukraine","Area harvested","Cereals, Total","2016","ha","14020400"
"Crops","Ukraine","Area harvested","Cereals, Total","2017","ha","14061107"
"Crops","Ukraine","Area harvested","Cereals, Total","2018","ha","14242355"
"Crops","United Arab Emirates","Area harvested","Cereals, Total","2014","ha","195"
"Crops","United Arab Emirates","Area harvested","Cereals, Total","2015","ha","119"
"Crops","United Arab Emirates","Area harvested","Cereals, Total","2016","ha","193"
"Crops","United Arab Emirates","Area harvested","Cereals, Total","2017","ha","571"
"Crops","United Arab Emirates","Area harvested","Cereals, Total","2018","ha","328"
"Crops","United Kingdom of Great Britain and Northern Ireland","Area harvested","Cereals, Total","2014","ha","3179197"
"Crops","United Kingdom of Great Britain and Northern Ireland","Area harvested","Cereals, Total","2015","ha","3099217"
"Crops","United Kingdom of Great Britain and Northern Ireland","Area harvested","Cereals, Total","2016","ha","3127630"
"Crops","United Kingdom of Great Britain and Northern Ireland","Area harvested","Cereals, Total","2017","ha","3181631"
"Crops","United Kingdom of Great Britain and Northern Ireland","Area harvested","Cereals, Total","2018","ha","3105815"
"Crops","United Republic of Tanzania","Area harvested","Cereals nes","2014","ha","25708"
"Crops","United Republic of Tanzania","Area harvested","Cereals nes","2015","ha","26495"
"Crops","United Republic of Tanzania","Area harvested","Cereals nes","2016","ha","26833"
"Crops","United Republic of Tanzania","Area harvested","Cereals nes","2017","ha","27319"
"Crops","United Republic of Tanzania","Area harvested","Cereals nes","2018","ha","27969"
"Crops","United Republic of Tanzania","Area harvested","Cereals, Total","2014","ha","6468944"
"Crops","United Republic of Tanzania","Area harvested","Cereals, Total","2015","ha","6187163"
"Crops","United Republic of Tanzania","Area harvested","Cereals, Total","2016","ha","6539722"
"Crops","United Republic of Tanzania","Area harvested","Cereals, Total","2017","ha","6501990"
"Crops","United Republic of Tanzania","Area harvested","Cereals, Total","2018","ha","6570362"
"Crops","United States of America","Area harvested","Cereals, Total","2014","ha","57979030"
"Crops","United States of America","Area harvested","Cereals, Total","2015","ha","58125147"
"Crops","United States of America","Area harvested","Cereals, Total","2016","ha","58445045"
"Crops","United States of America","Area harvested","Cereals, Total","2017","ha","53165078"
"Crops","United States of America","Area harvested","Cereals, Total","2018","ha","53839362"
"Crops","Uruguay","Area harvested","Cereals, Total","2014","ha","952500"
"Crops","Uruguay","Area harvested","Cereals, Total","2015","ha","861938"
"Crops","Uruguay","Area harvested","Cereals, Total","2016","ha","840212"
"Crops","Uruguay","Area harvested","Cereals, Total","2017","ha","673181"
"Crops","Uruguay","Area harvested","Cereals, Total","2018","ha","676217"
"Crops","Uzbekistan","Area harvested","Cereals nes","2014","ha","2200"
"Crops","Uzbekistan","Area harvested","Cereals nes","2015","ha","2500"
"Crops","Uzbekistan","Area harvested","Cereals nes","2016","ha","1547159"
"Crops","Uzbekistan","Area harvested","Cereals nes","2017","ha","1509286"
"Crops","Uzbekistan","Area harvested","Cereals nes","2018","ha","1403069"
"Crops","Uzbekistan","Area harvested","Cereals, Total","2014","ha","1635900"
"Crops","Uzbekistan","Area harvested","Cereals, Total","2015","ha","1651800"
"Crops","Uzbekistan","Area harvested","Cereals, Total","2016","ha","3208354"
"Crops","Uzbekistan","Area harvested","Cereals, Total","2017","ha","3128495"
"Crops","Uzbekistan","Area harvested","Cereals, Total","2018","ha","2889276"
"Crops","Vanuatu","Area harvested","Cereals, Total","2014","ha","1453"
"Crops","Vanuatu","Area harvested","Cereals, Total","2015","ha","1463"
"Crops","Vanuatu","Area harvested","Cereals, Total","2016","ha","1475"
"Crops","Vanuatu","Area harvested","Cereals, Total","2017","ha","1482"
"Crops","Vanuatu","Area harvested","Cereals, Total","2018","ha","1489"
"Crops","Venezuela (Bolivarian Republic of)","Area harvested","Cereals, Total","2014","ha","890391"
"Crops","Venezuela (Bolivarian Republic of)","Area harvested","Cereals, Total","2015","ha","654509"
"Crops","Venezuela (Bolivarian Republic of)","Area harvested","Cereals, Total","2016","ha","520098"
"Crops","Venezuela (Bolivarian Republic of)","Area harvested","Cereals, Total","2017","ha","470046"
"Crops","Venezuela (Bolivarian Republic of)","Area harvested","Cereals, Total","2018","ha","545112"
"Crops","Viet Nam","Area harvested","Cereals, Total","2014","ha","8996167"
"Crops","Viet Nam","Area harvested","Cereals, Total","2015","ha","8994331"
"Crops","Viet Nam","Area harvested","Cereals, Total","2016","ha","8887979"
"Crops","Viet Nam","Area harvested","Cereals, Total","2017","ha","8809968"
"Crops","Viet Nam","Area harvested","Cereals, Total","2018","ha","8605200"
"Crops","Western Sahara","Area harvested","Cereals, Total","2014","ha","3500"
"Crops","Western Sahara","Area harvested","Cereals, Total","2015","ha","3525"
"Crops","Western Sahara","Area harvested","Cereals, Total","2016","ha","3619"
"Crops","Western Sahara","Area harvested","Cereals, Total","2017","ha","3790"
"Crops","Western Sahara","Area harvested","Cereals, Total","2018","ha","3908"
"Crops","Yemen","Area harvested","Cereals, Total","2014","ha","727069"
"Crops","Yemen","Area harvested","Cereals, Total","2015","ha","585658"
"Crops","Yemen","Area harvested","Cereals, Total","2016","ha","519765"
"Crops","Yemen","Area harvested","Cereals, Total","2017","ha","512659"
"Crops","Yemen","Area harvested","Cereals, Total","2018","ha","630061"
"Crops","Zambia","Area harvested","Cereals, Total","2014","ha","1323154"
"Crops","Zambia","Area harvested","Cereals, Total","2015","ha","966549"
"Crops","Zambia","Area harvested","Cereals, Total","2016","ha","1286699"
"Crops","Zambia","Area harvested","Cereals, Total","2017","ha","1571816"
"Crops","Zambia","Area harvested","Cereals, Total","2018","ha","1208016"
"Crops","Zimbabwe","Area harvested","Cereals nes","2014","ha","2223"
"Crops","Zimbabwe","Area harvested","Cereals nes","2015","ha","2275"
"Crops","Zimbabwe","Area harvested","Cereals nes","2016","ha","2260"
"Crops","Zimbabwe","Area harvested","Cereals nes","2017","ha","2271"
"Crops","Zimbabwe","Area harvested","Cereals nes","2018","ha","2281"
"Crops","Zimbabwe","Area harvested","Cereals, Total","2014","ha","1468270"
"Crops","Zimbabwe","Area harvested","Cereals, Total","2015","ha","1431119"
"Crops","Zimbabwe","Area harvested","Cereals, Total","2016","ha","1551550"
"Crops","Zimbabwe","Area harvested","Cereals, Total","2017","ha","1438930"
"Crops","Zimbabwe","Area harvested","Cereals, Total","2018","ha","1641701"
